video_id,video_comment,video_comment_transformer
-1rq4OYXEv4,1297,0
-54xAtkz1qQ,104,0
-Go3o7Jf5R8,584,0
-H__d4SvibU,27,0
-KPvX0KbMT0,4226,0
-MqyhrKR1XU,254,0
-OpwhtYwY4o,539,0
-QFDHaue_Cc,92,1
-TZp0xMfTww,1060,0
-UY3m8TQjxU,49,0
-VvmyHV4PFU,90,0
-ZLqv4OAgOg,205,0
-__xXKyylrk,380,0
-a_vVFM0Bgk,160,0
-adUE-n_pXc,168,0
-bHg-QdNLvE,212,0
-bnzUIJyzfM,1033,0
-d3QrvYlJpo,114,0
-e7JrBSfjYY,605,0
-gkq_srdhZA,836,0
-hKJOeI4ibU,61,0
-hOr1jufCb0,532,0
-hz6dDUQlPk,1877,0
-ixTF6I8lNE,1351,0
-lHesyZaAp4,295,0
-lk5QDhFZ0E,322,0
-nAU3eSx_BM,4255,2
-qSguUkOjAk,948,0
-rES2ygxrvo,195,0
-rGoz96a7WY,2549,0
-w8Y-8xzBho,1063,0
-wPsLeEqIC8,267,0
-xlBbbqyADo,843,0
-yEBg6hYC64,39,0
-yaUiBlOYn0,1169,0
-zX74ebHPwE,34,0
0-FOFU90AbU,178,0
0-Y0vAuMGNg,63,0
0-ttgS7ijGc,1097,21
01u5BzfkUAA,155,0
090jS4MrLRc,778,0
0EdhyDbXP7o,176,0
0GRQIP2K_eo,346,0
0GYAfMFfl6k,1027,0
0HLVrF3ioeI,100,7
0LbE_TvbZi0,237,0
0MgqXK5RQFc,1234,0
0NvsmcEqHw8,47,0
0QqgUdno2v8,17535,0
0UIk3mqYzIg,198,5
0YpQpVrq49A,157,0
0bOPB2A6mZ8,391,0
0nnbAo0ggmQ,931,0
0qV4mpc8QiA,4523,333
0s3iWq50UCk,83,0
0ttFOge_9oA,32,0
0xP7seMMTFo,16,0
0ynoFBUfai8,104,0
0z8flbkbZ7A,376,0
10H-9wr7GkY,2932,0
13DWvqQqzYw,147,0
1AwrtwRxvlw,1363,1
1E0a8wdOdiA,8,0
1Hlhi5fF0R0,65,0
1T9tLMh99Wo,54532,0
1UsamU3KVaI,771,0
1V98YBHCTRU,2058,0
1WRDt-oLo2k,172,0
1XPicMX6s5k,1762,0
1Y4qpHI3l3U,459,0
1aK4E6gE4TM,107,0
1b6DdPVI5iw,31,0
1ghq6c3gM6c,68,0
1hCZ4r0Acjo,624,0
1ihstsssXqQ,2466,0
1kCxrJWcvcc,673,0
1n25hdAvY7k,29,1
1oNKV-63y6A,1940,0
1vIP_Kao-fo,429,0
1xRwTViv6b4,791,63
1yYd3D96xTA,277,2
1yfaxoHyFbI,301,11
22PZP1dedPE,20003,54
22tm2y1FoEw,1125,1
238Z4YaAr1g,42446,2418 
24GfgNtnjXc,601,80
25FcPPToyRE,860,2
26jIxTEsYjQ,475,0
27G4btgJEWQ,365,16
27LkhaZ0otw,1704,0
27QdtQuVp7Y,481,0
29Wz7SpVHl0,3418,0
29l4rx7mUks,691,0
2Adt6nK3-6w,1282,0
2CXk5TnGZnw,1302,2
2DghsdI0lwM,130,0
2E6GreKzm5E,340,37
2K1agz2C_9o,139,0
2Kh7M3rFRcc,8,0
2MAEMwqVYh8,319,0
2OoKZRKIV9Q,90,0
2gsx_ZpsfdA,9077,5
2jpRvazux-g,1841,16
2mV72J4BbV8,390,0
2owiZw6enWE,1846,0
2pLItnka43s,5074,8
2qCpY38ompo,25209,0
2qdCIJG8cYk,165,0
2u9r_YSqbOM,2316,0
2wgaBS9GAgo,2,0
2zXD9tz_uRY,463,0
2zzoyXmLQtU,1624,26
32Xc2WmMqP0,158,0
34uBOF2yclU,141,0
35cb4xHp7Mg,2409,0
39_-gWu987o,13,0
3DsjjQw_lmk,982,46
3Dy_P9OvwCs,125,0
3GmKhXZebKw,1009,0
3HOFVU792mc,489,0
3KgLqlrYjxw,1383,0
3LoNLu6zVPM,38,0
3Lwbw6LSyqM,438,0
3QrCFlq5AaQ,12267,520
3SHDylN1X8c,428,0
3VaLKBOACLg,51,1
3XBUDlUiVts,282,0
3XtNjthpkZs,1771,0
3Zr0ZHTCnP0,152,0
3ZwI_9d3fJg,1752,0
3bmxhr0R-wI,221,0
3fGWkgcaDGs,141,0
3gRKBu6xIIA,131,0
3i6o2PoPNZ0,2062,0
3kVcX1-3z2Y,270,0
3llOu4uz9zw,489,0
3o2sG3GtPtw,113,0
3qC_SoqXScc,634,1
3tfI1Bs442E,29275,38
3uE9gAaMGuw,100,0
3vf0cmYhEVY,56,0
3vzMCVdv1IY,3548,0
3wBU1qRhoWs,866,0
3x_51DAdzlk,824,0
3zcor0QcHRQ,542,0
42n3NHU-qZk,1073,0
44ZwVWXyhOM,88,0
45352pFQxmE,6184,0
49E9dS1Ygow,41,0
4CXB2xpV9HM,9345,1
4EEedk1SkDw,1971,0
4GUQAw0_pbA,204,0
4Itcn_CJjMo,328,0
4Kjpi-0sLQ4,102,0
4L4KKW4gq9Q,35,0
4OGGPx5jgg0,1109,96
4Pc1Rrnhces,247,0
4Qxy3AejpII,286,0
4T2cCd0mA-0,412,0
4WWXV3En5qs,433,0
4WuX70Xa8Vg,806,0
4YOYpJj8Eb4,470,0
4cLRvWsPjP8,2214,0
4fcjpnWd8co,2820,0
4iSPg1_k_co,167,0
4lKT_dAv_MU,1057,0
4m1GCSlEfXg,11,0
4rwH_PRlUtM,1672,28
4t6_U3bg618,385,0
4tw1MbD3CX0,1356,1
4u36EVMTtiI,1344,0
5-YSDm-6MUk,29092,0
539VLXMEoKg,2499,0
5Dss_CddGLY,353,0
5F5pBTkW2a4,269,0
5FvamZEkIRc,5724,0
5K-8ejZFpqs,403,0
5KAzbNzt7PI,97,0
5LXhsPX9_io,641,0
5SgNQzhLMyE,501,0
5UkaMKGDwwk,2094,0
5ZDI4K1lg2g,36,1
5_4QaEOkfkM,1358,0
5f8ZYtaBRx0,450,0
5hIqXjAmo6k,891,48
5kB_mDc7Im8,900,0
5rLuJftmhro,2879,1
5rVH-na9lMw,772,0
5yqlIgNx_uw,75,0
60RquhwJjDc,55,0
62iT888LUQk,402,0
67FVMNGMFXU,4462,388
67i6UhQ_jJI,1967,0
695ZYe00UFg,224,0
6AsCaSc27-Y,209,0
6CvrWCeWUXk,137,0
6GcHuH6TXmc,771,0
6H2Ri4vJZNE,495,0
6I5Xg7gz2CM,1440,0
6I80iiBSRCQ,1738,0
6PcFXzuCMy4,1966,0
6UxJmNfffHs,14926,0
6WBMROufN_k,95,1
6XQDNsIWE1U,448,0
6XsjZiFthTM,121,0
6c5b4DvdHus,6015,0
6fbfrV5qqnU,9338,570
6gGGkzgeLdA,1147,0
6hKvuxBAucg,753,0
6jdGh78qLTg,330,0
6lpPbUxcqjU,4621,216
6p2OcdkjX7o,1824,0
6vEHupXVHRA,989,0
6y7gQM4c4aE,367,0
6z-_fHzkPo8,118,1
7-b6KrRhm40,196,0
74GsYZV8IR8,162,0
7EduOiG7iII,199,0
7GzbvK3vNUE,1116,0
7IGQILU__4g,185,0
7NAa1EDoqHU,175,0
7Ody9AGVuQ8,1736,0
7R3hj9F6SJg,2375,0
7RpoWDeEX8U,508,0
7S7XfRajh9Y,1509,116
7W6PraARYHo,23,0
7WKfy0CQhkc,103,0
7XYWoq40fLE,2194,0
7Xb3mxXhzLA,347,0
7Zm-4gbwIx8,347,0
7_HLva4_CoE,200,0
7_I-bSwBtL4,1301,39
7anmIIwg0gI,646,3
7blMLmjNBak,250,1
7eAoKjAdiH0,144,0
7ft3RIaAh3c,1414,0
7jLXhA7wQv8,255,0
7kLHgnuYx-g,525,0
7mq-p98IIhw,682,76
7rbkHEO9JW8,202,0
7sI5XG8wjIs,33,0
7vVYpONbdO8,1661,202
7yBsu2uiuu4,215,0
80DaR2CVNNk,93805,0
83LYnrz6_0A,6807,0
83Rjg2hMVLE,177,0
84HfQVPSaYo,642,0
85O1-H6K6iM,4,0
86JxfmQryZQ,1951,0
87ywggOkdSI,331,0
88Ryy76kmxk,362,0
8F1RgrdGWb4,70,0
8GM_0qtNBNU,1,0
8ICBuCtcOqo,2462,1
8LrOQFE_vgo,6071,1
8NNvoBOikV0,110,9
8OftsNX_uVY,33,0
8QZJ1Th5J-A,221,0
8S4X83fGd4I,264,0
8Sw27lU3fA4,143,0
8VJ0MkBu_m8,2057,14
8XAeLiSARNU,179,0
8XXk11QIsVo,3265,0
8Xo1V8CIMSk,78,0
8Y72tVwihh8,200,0
8aR2Ct-0y8M,123,0
8bnIWIHlOmQ,185,0
8dwocAz1A7M,1677,0
8fDIKikk2bI,3630,40
8itdlN1g3NQ,421,0
8mM46SdeyD0,780,0
8pq0U380KuY,240,2
8ttAmz0iBWk,468,0
90jiws2YFrM,2530,0
96OeKkvoEHs,26,0
995L4SOJ8D0,2,0
9A0uB4xui6g,287,0
9CBdBLkKETA,167,0
9CLWYPd1aA0,9272,0
9E9o2ceDeWw,6209,0
9EjlT16bX2A,520,1
9Fv9-R7JEI8,33,0
9JVh2ZCsPNA,10291,0
9MD6-ReS_VU,198,0
9MeAP4adUPE,43,0
9QAI2YHWSZ4,1188,1
9QQTQuBtxKg,1542,210
9REgV6_QrAI,224,0
9S4eApyo_zs,886,0
9UO7xeWUOCA,4276,2
9VnufzO0IZc,314,0
9ZieX7ROT7E,476,0
9fAZfGLGR60,542,0
9fNUJFh49Do,2508,0
9fybsqArlng,647,8
9gt-EyGyamc,138,0
9nkAI_fd-us,362,0
9o1ea3O_GTs,2181,0
9ptngRAi39w,35,0
9q8dyxwkATk,7314,143
9s2hpbim6V8,1193,7
9snyknwSrJM,229,0
9tP5WUiJJAA,253,0
9vmyasmeXgQ,193,0
9y-XUCpFqGc,84,0
9ynWB2NzFv0,152,0
9yr0a8zJY_o,64,0
9zKZDDzuDQE,648,0
A3OzMrXOs7A,10,0
A3T4SYm37GI,1099,0
A4gFBpURj1Y,3746,0
A6phHe1uTJ4,595,0
AFH-aqKptSU,2274,0
AFOFe_QJ4IA,214,0
AG-Ozz0pqq0,448,0
AGnWzUU_FRU,5926,0
AIznSWFO1og,901,0
AK3zEGUItJo,2088,0
ANLSr4Et3K8,31,0
AP6y_K_Q55I,861,0
APnLyrN6_Zk,845,0
APrLuGHV8kU,8384,499
AQ0qN5mI60E,312,0
AVwZsRS5KLg,9174,0
AX5yxShC5qY,529,0
A_XbLcuCJ0Q,507,0
A_zeFejlG6M,20,0
AbC8_0FSEC4,423,0
AcVueQZTWOs,2418,0
AcvD8zFZodc,983,0
AcvZjCQDUMo,1320,0
AgZZbbal0qI,67,0
Ahs_5-cFVOM,624,0
AknzHoPD1Fc,200,0
AlN0lc9k0dw,2009,20
AmWQhTHQh_Q,926,0
AobVGMqDOvY,890,0
AocL7vWRDQ8,1479,0
ArSgGY8yauo,541,0
AtKdV0LoHr8,3359,1
At_tVGKRH6g,862,0
AuLFrFuNGNc,2540,1
AxUJr0ddQZI,2043,0
Axqjcl7zv70,3,0
Ay4hCFxeCKM,1700,172
AyXilgVzfH0,69,0
BC77H9jZZiw,797,0
BC77WPhljb4,223,0
BCQYxoEdmdI,1463,38
BDujwnZZBxc,3109,0
BE0dihDdvdk,1344,107
BIC6kxedVKk,28,0
BIIRgvpZb8s,2580,0
BJAAGFj7kFg,148,0
BK-CD70oG7Y,5394,0
BLWlKdVJhmo,684,53
BPLKNn_fjds,68,0
BQBvPypinoU,944,103
BV8CQmjr-ag,751,0
BWHEx19k63M,368,19
BWPzmgmg-is,202,0
BWoL3CHz-Hs,961,0
BZ6mmUijhCE,3407,236
BZkH5G2UJ0I,811,0
B__PTWZ90wE,5691,0
B_tba0AV6pk,4179,0
BbNbyLK6Gsc,5541,2
BbQBw-8v-i4,1295,58
BdpP9WJkv1I,2550,1
BhJ9UDxI6kI,1384,0
BkdG0UGaI78,150,0
BkeHIe2kSyY,794,0
BmUcTyocGCk,69,0
Bs5H-hSw7Ro,2832,270
Btx-yPPbB4Q,267,0
C-uqntAqre4,186,2
C1e2dY1ia10,612,0
C2KKzYoP240,1725,0
C3FGGUh4gVM,15,0
C4MKcyA3_yo,70,0
C6AiozS6j7U,1348,0
C6TCjmBMIz0,751,0
C6kAyG2w3X0,140,0
CCZuLYzlZWA,4499,0
CDVzgBKeb38,417,0
CIuGBF6fKwI,167,2
CMAd8QrSBrc,137,0
CWw2KH-D6Cs,40,0
CWy5zysV__c,876,0
CX5IAlu8DnI,346,0
CYz56SfpDpY,72,0
C_VlPQtKAuI,638,0
Ce7EQ3RJmAg,514,1
CjUWQh8AXak,65,0
CkLy6Gkzhvw,388,0
CmuO3I42wTY,113,0
CncwRAZvc-M,588,0
CuEnWT5Dqoc,10491,3
CwXpC-RzWV8,22,0
Cyn3zbfVKuY,97,0
D1nQF9-tOYo,27,0
D6VhB4Wj3lA,252,2
DAMAuOvWsyo,2951,1
DBq0SOgNw2E,49,0
DChrGZaD_3Y,271,0
DCmmnEL1_3Y,24,0
DDXwc0XIhoE,532,0
DGZGanNZyyY,128,0
DH67Gp1DVXI,2332,87
DMhbt60bYlI,1076,0
DNOxbhzGSjE,1157,1
DSyRbDXlX6M,85,0
DTK7bzl5-qg,594,12
DUTw0swj13A,4243,54
DVbKmQ7Hmlk,103345,0
DXavObYFDsU,384,0
DZ4kLiOpF-U,711,0
DaYyn14MNJ0,474,0
DcbCGk_t8CY,54,0
Dcg_UuIdLHo,2,0
Dd9QTquqjM8,82,0
DeTTb0JuVxg,1118,0
Dk0-yqfl3rU,500,16
DrEsdlfi0mw,617,0
DtGnZyekixQ,735,0
DvqFdZSDsiA,1974,0
DxnRvrvSsHI,900,0
DyrKEdOT8Sk,2227,0
Dz4VkHA3AJ8,705,9
E-NVpJTTfP8,10411,1
E342vubUs5g,294,0
E4NCbzR-aBU,55,0
E5dfjAlxaxY,605,0
E6WDlZV7vFA,1753,0
E7FpYuKjYIQ,142,0
E86OMSHHu8c,7122,0
EA_rUK7utAc,8484,0
EBtjotQbwjg,469,0
ED544Luc71o,520,0
EFPyw6d3ygA,367,0
EG4xBFsoiMY,148,0
EGOtvKoqG4I,450,0
EIctJfDxHus,1467,85
EKOHq_nTcLE,436,0
EOJYrEiGWVk,22,0
EOV69Gwbbos,84,0
EPpQtg9kyHc,724,0
ERk0dnWxB14,118,0
ESvTX489JuY,1640,0
ETSTNH90t0c,70,0
EVu4_yFw6yo,225,0
EXOCgSJYyyQ,131,0
EXcprHxo53g,6165,1
Eb692wwOhI4,698,0
Eg9_Q1FHFuc,129,0
EkV3uq2kGL4,218,2
Ep-rXmZNcEE,12,0
Esf6NVGUaIE,47,0
EsuN33cmDjg,533,0
EuCzRi4HUBU,88,1
EuWqzDD2WNE,265,0
Ezzfc83C6YE,865,0
F-sXsYNQYbs,6061,0
F1gGsoSj5sI,6321,0
F2JDglXgtK8,1206,0
F5HhTD3b46A,2485,1
F7N5nzowhGU,6429,0
FA12a4UKbx4,515,0
FCx4RQ1gthY,167,0
FIXQiHtDfGg,161,0
FO1nyGz4r_4,305,0
FQN9Ibjh8LA,1916,0
FTvPxO1Hfuo,1131,1
FUu9NHlKaxY,608,37
FVovgX73zCY,70,0
FZnACwukAeI,582,0
F_31H_o8nss,491,0
FbRRdCU-Lw4,405,0
FcMF02oc-Cw,1473,2
FcdFASrJxug,5,0
FiDU3CUyqT4,2022,0
FkwMiqm6um0,46,0
FmMmHqDdzdw,1281,99
FoIlgpP0sSE,612,0
FoVud3zWeDk,616,0
FpYPmkfynIo,1028,0
FrcXox0sj2A,726,0
Fsa3FNYhHMU,11,0
Fti19Zk7xho,4,0
FyXXY8byfec,3326,8
G-S-mjXKkCc,39,0
G01D3sv8qXU,997,0
G48bCFHbc58,10800,0
G4mwgg3veu8,1645,0
G5kHmGCftjo,37,0
G9l5AO1D4To,12899,0
GCTSrtF_3g0,79,0
GCi27WGhdgM,79,0
GDw9_kIEDaY,1798,27
GGNHP1-yv4Q,534,31
GII0hr8fyZY,246,2
GIX_NtjdYaM,3,0
GL5XWUpYnEs,123,0
GPB1-DT3b0Q,364,19
GPSvy64fdzU,458,0
GTxkmTipXLc,117,0
GUhLwYbN1ZA,733,0
GWgiA1PFnDM,83,0
GZaaUiqSkwI,2065,0
G_li-ZsZ-Dk,395,0
GdW2bKNNl1c,105,0
GfBzPjQu-MI,105,0
GfmrRqkLvEA,396,0
GhkNVuet9UE,100,0
Ghq2m-C_bqM,145,0
GkB3IxcZFKA,2705,0
GkbZSb7HLGo,710,0
GoJziuipjAU,62,1
GqmQ7_ynreI,229,0
Gsp7pFZcTxw,33,0
H7oUO-My1vg,11957,41
H7y3wjhoAlM,101,0
H9a3ix08uYA,582,7
HASdrvZYSwI,606,0
HD8OJ_uUPrA,513,0
HEpzPHkq1o0,62,0
HGLLkwiblag,1755,1
HGghB1kvRUk,1683,0
HHAFZH7Bn-U,120,0
HRZ3ntVGMsY,506,1
HRhBqZLaF0s,53,0
HThlG14AKns,492,0
HU-IFmXqoUo,1240,0
HU4O9HOfZYc,2637,0
HXNbegvRNvg,12078,385
HarTn81wQNg,435,0
Hj_paijhdUQ,100,0
HjjN6_ZEm6I,657,0
HnZn8muOnZw,2953,2
HoujXZPtMx0,4,0
HqeRgPQkkZQ,184,1
HrBxgqNfxnI,2416,0
HsIqUcZkc4k,931,0
Ht9yXuDvA1M,474,0
Htp9Elx6mBo,251,15
Htv3-nfz78U,1112,1
Hxvn7HmUJm0,173,0
HyQni0QOISM,124,0
I1QgOOM_vs0,2331,0
I4r0r9_twIo,1532,67
I5OiZDMQpDg,540,0
I6S6KLwlED8,44,0
I6mcMPoOvo8,560,0
I8_W9Lz0VcM,359,0
I9GJve3M164,3026,0
IFQ6vxYNAKQ,5,0
ILguTznukyE,847,0
IO5VdhlNfrI,653,0
IPoX9QcIBcI,11247,378
IR7BIGeqHaI,3350,0
ISvn0UD987M,1121,0
IVHJxNAPc3Y,2116,0
IY7V8fEYFP0,3560,0
IYJhF9coLX4,79,0
IdRhqSiHNDg,10,0
IewhVY9cAmQ,3,0
If77QwcUkNE,15,0
IgZQKPyfADk,3514,0
IifhZbUqyPM,138,0
IpT7J2DdTK0,238,0
IqgGNvstkEo,1079,0
IzN5bjH4uIc,4056,148
IzoegpP0PSw,1046,0
J0uygT_rd2I,81,0
J1t25cgk3No,477,0
J3VcZ3nsQDw,27,0
J4wNwyzbbW8,67,0
J5Efezauri4,329,0
J5I00p3KqvE,5468,0
J6hBgqRbTc4,60,0
J7baXzIVmyc,318,0
J7j2e3syH8k,528,0
J7xvMuW1Yuw,589,0
J98fNAePpvk,227,0
J9ANw0WXiDE,923,0
JC3I_tyMLf8,126,0
JEn4EFNKi4o,1280,4
JFV5Eqs6fjc,23,0
JGbc9TYf2uo,1,0
JHPA3MVxABQ,643,0
JQwS_6i_xck,94,0
JRHgjyk5DO8,52,0
JRKGOZPLmZQ,202,1
JUFWMlX92uc,809,0
JUNsMqN6bb0,1334,0
JUO0WbUuXHY,198,0
JUd6IFnEoFg,23,0
JV8-B23ZkIc,51,0
JXWpqEz8UYM,62,0
JZbu3AZ5anY,11064,0
JbePIzLoilo,1850,0
JcQNKYFoYpc,6466,0
JeAqM1ymJTk,121,0
JgEH0tAc5bA,317,0
JiZUGoG4z6s,1887,0
JllWjYkUhZA,105,0
Jm8HPBqQYsE,1519,216
JmNUM7rtoe8,1648,2
JoeGleUS4yw,4744,0
JvKn07DCktY,23097,0
JxmjZ-BgGWg,4354,0
JzFtgxiL9Kw,177,0
JzeMCJ2bCO4,935,0
K45Z9klesUY,2,0
KC9TmTus1Cc,1629,0
KDluQ0YVcFw,536,0
KEd8eFHiIa8,5,0
KGE_hSZTm6k,549,0
KI35yj2nErY,1042,0
KJ6c5yfyVGU,15,0
KJR9MfRFFjw,273,0
KKxkQzf9kjg,7,0
KLA0huuV7ho,4431,0
KO7gPHuXjsk,852,0
KPQkb2AuXSw,20223,0
KY2fn0f0bvI,69,0
KYBPVgADsSM,997,0
Kh7FfWTUmP0,305,0
KhixJPwjoHM,182,0
KiIc54yyktw,4081,83
KjylNGo1its,322,0
Klim5qgKmac,12033,2
Kmlq6tco974,1416,0
KmvunH382Ro,17,0
Knljg5f_nGo,261,0
KqqnqqtSHyU,524,0
KtRyftCARrY,909,0
KvJ6FVr7E7s,1356,1
L-d1taEcDYc,187,0
L44aiNl82xY,1992,140
L46ezMsD3dk,193,0
L4s5-pXI6D4,374,0
L5-z_wGFthc,444,15
L5ihmu87xTE,10950,149
LCp6b12bRW0,31,0
LDGy1whwor8,32,0
LFlyELZqdGI,100,0
LGdM9mv65fU,46,0
LIIyCYY2GKQ,949,0
LIkcJGvqOKA,4322,2
LJ1RLRArX_g,634,0
LJFUSgxAi9I,630,0
LLcalJBY6PE,578,0
LPIV7QtBTHE,2077,0
LPYkbEfxq-8,85,0
LSUuQfQDXwM,447,0
LTjmeJmRZsI,516,39
LUeLQVee7TU,24,0
LW7Br5RC9Cw,215,0
LX4UWfxD9cA,353,1
LY0Ll7LRYDI,5337,0
LZ0tOR1kvZw,37,0
LeKOb1_-13I,2683,0
Lf2HxzeZAbs,332,0
LidgP2ZL4Mk,23,0
LmC5qGs-mSc,326,0
LmkKew96-ZQ,45,0
LnQ6FBVMfPk,70,0
Lo0rzLFuUbw,294,0
Lp640JUPC4A,1380,0
Lr4FSwSRuNU,983,117
Ls0_b1iSLWo,1287,0
Lv2ehiy6M24,1459,39
LwhXGQqgE1s,1628,0
Lyn10sq6PIQ,245,0
M-Oty0Jwrfk,19,0
M-s_b9VjyWg,826,0
M7Ra95j-Qsg,124,3
M81Y2WZ7Eks,119,0
M8B3mriYut0,10,0
MBF1R8TvNLI,74,0
MBT6hPXmJTw,2199,0
MDSas9sqbsc,440,8
MJBfcMZ_s6I,412,0
MJOAuxQfbLo,586,0
MJVK5uwNKjg,200,0
MPmYt3p6VcI,2625,0
MQN9TCsrJGA,120,1
MRdjrTuVkaI,143,0
MTePIcoeZD8,72,0
MUYOcTZI2LI,335,0
MUui_V88zyg,267,42
MWAbLRgDrcc,953,0
MXOIwaz8tO0,2658,0
MYEqh26FR14,2477,0
MYFFe08ykcE,80,0
MbcPCSkIEb4,2802,0
Mf6EWX4ALJs,5779,116
Mkt5xG_BhKU,917,0
MoH7iUKjMGU,97,0
Mrju-UXhNZ8,689,0
MtlA0wPm8Vw,489,0
MwW-fKMNAoQ,365,3
MyLfCOOYzfY,4153,12
N5-TzhRgYaA,7,0
N7T6sTZTVNQ,218,0
N7bZnK5mAFw,126,0
N8cSsKNZKzg,533,0
N8velTiWszQ,227,0
N9s-skojKqw,1265,0
NACSooVvSbo,803,0
NAo5COYVFig,1630,3
NBMy2w7To-Q,400,2
NBc2HxEK1uI,46,0
NFcFN3M6PyE,282,0
NGTtl3jyx34,1368,0
NHT23mMhsuk,61,0
NKc9sIIKdyY,203,0
NPb55ZQquUc,511,0
NR-yDEocnxI,6800,0
NXTDar8ujXM,1095,1
NaGBylWzC-0,844,0
NbsfS253LCc,1383,0
Nd7nRljkC-U,2265,0
Nln3rfHjvSY,314,1
NoY3XnvKP7Q,3,0
NqQ_z5Os3sU,1083,0
NrfmSeGah1Y,4965,0
Nx-suJ5LfDA,3474,1
Ny9knUMdznk,560,0
O-pgfAE5tWc,3174,0
O2P9eVV3sws,59,5
O3CMKm706Kk,38,0
O3d5JQzWnq4,437,0
O6J53DIXjIQ,196,0
OAkbor3fB7o,114,0
OG3YQ-UL1W4,3628,164
OGG5Q2Vj4Ms,2913,0
OHcVG8RrIM8,2671,0
OJ8iIxSxvAk,401,7
ONnkfzFeMjE,93,0
OQpYuewP_B0,484,0
ORifjxPzkig,100,0
OX5B-kHZGgk,7815,70
OXChhdh5W_o,89,0
OXJhvhNNHWA,7612,0
OYKDQS91iJc,401,0
OZlaaNrFW6Q,115,0
OawxDyV_Iwc,93,0
Oe8ASh0d9a4,321,0
OeaDxPqaKnQ,2803,0
OhYHCiDr_s0,571,3
OjZsDfIMLm4,5261,1
OkW4hkyDd1A,1408,0
Oo72JacVFbE,1645,3
OrjxKOilrAM,339,0
OrlNEKHo2gY,516,0
OsEZAK0OQVE,514,0
Ot6j_qqYQaM,7450,0
OtgZ79U3tx4,224,0
OtuyLWn5gCI,2952,375
OvTRKe27TAc,10,0
Ow42x0Zr6kM,7707,0
OwsIaQbxDrk,11,0
P6ONMS24-aQ,573,0
P7-LX6-e9mw,76,0
P7rCuFx5XF0,1660,0
PAOlUe0Z7bg,3714,0
PGPxuXKCli0,35,0
PGwEaFMW62U,103,0
PHuv2KpHwjA,2191,0
PIBWtRvZY2k,377,0
PJ7NwVvsZvo,593,0
PL6pexxN-8A,65,0
PLUhJmqHd1s,30237,1239
PNa9we5QKAw,469,0
PPU_r3bz-V0,11148,0
PQ0sfqww3z8,185,0
PQXlyKXn8DM,5202,0
PWqdqmSrONM,309,0
P_J9JHWC04E,10,0
P_aKx0CzxUw,6,0
Pb0ec-ZOALs,457,0
Pb8qmpcOByc,5619,0
PdFsqPaHuHs,212,0
PgjohadyMGI,318,0
Pl7FpLlWfX4,6907,0
Po8-0DishiM,146,0
PpKzgZdd7co,2153,0
Pqh3L-Ytnhk,307,19
PqvcQ3MAnJA,92,0
PuBbco_SOKQ,1344,0
Pw0Y7SiRgms,277,0
Q2CVFDMAo1k,145,0
Q56PMJbCFXQ,13543,1426
Q7Ov245rw6w,315,0
Q907CxJuqd0,62,0
QAwmfO2VRXE,1107,0
QG1i1OoEUiA,3737,1
QLI0XOFpK0A,7880,0
QNzGYBvQDAE,45,0
QQrCTSqj1hU,709,0
QT8o7oPdmwA,4,0
QTeTrt8DRRs,2556,0
QUGQNS2vT8E,12787,188
QY6jj6-gcM4,101,0
QaX3HhztI20,136,1
QawCpGpsL0Q,86,0
Qb8PsrzH6ZE,1220,0
Qf8ntUiqI_c,1599,0
QfVIHNwC83I,53,0
QkXGlhbgOOI,140,0
QlYrbEg3dys,181,0
QnmISKNI73A,1083,0
QtwwiGfDCpA,164,0
QuU1VW33ei8,51,3
QuVLldD4JHw,115,0
QwCwBJCysD4,791,0
QzMeLM3CYD8,1125,1
R0Vf0hTZraI,87,0
R1g1ia3MP8k,1720,0
RBHEbYc-DNU,1348,0
RBaM3O9U4_8,1036,1
RBwzPzJNmUo,4734,1
RCf0b8ar2AM,1690,0
RE0t0F9vsfM,281,0
RLQuxi6oTOE,2275,0
RMepSAiHnPU,115,1
ROvIIM4Jrw0,2419,0
RZM8QVbxlbU,1845,0
RZsYOEcTUt4,30896,0
R_L24LH31So,327,0
R_M8qbZOtfY,1248,0
RbsXn0_Rbz8,401,0
RcIRFRP2N9U,16342,2
Rg0vdau4unM,797,0
RkcG_k0GZ1s,2,0
RlJanyHixGU,4768,0
Ru9YbDGan1Q,128,0
Rvv8gG0LfbA,656,0
RwM_CQ-76m8,2929,0
RwzFUTeOGQU,902,1
S1aFzm-Ivqc,197,0
S2LKKnf4riw,1143,89
S59NnFgnQRc,4725,0
S6xxmLjD6oM,1326,1
S7TUe5w6RHo,23484,1844
SA7qI2uf1g4,508,0
SBkOvpwMpTw,286,0
SFu8U7PPqwg,55,0
SHx3ySVO-2I,3576,0
SJD8asQ2FC4,159,0
SL9zqewyVFM,403,37
SR6TlwTwKxo,566,0
SRXH9AbT280,89451,2080
SS48SMoosnI,158,0
STwgG2si9kQ,6733,143
SVepW3f_V-M,2142,0
SWYCrv4k34A,59,0
SW_6o676N5k,114,0
SXNTdJaEW3Y,149,0
Sb2_zbDa4fY,138,0
SeXf8x4kzMQ,15288,330
Sf9p46vmx6U,802,15
SgY0BIN5knI,285,0
SlfQQOrXKq0,1089,0
SnQSMxXTBTc,1876,0
SorGUN4cfSE,5757,0
SrW87pqEfok,128,0
StnNnQba7wg,244,0
Swzbs2G2vdw,71,0
SynuCVu3bbA,452,0
SzMwY6PqzeE,871,0
T-1HlLCVM3g,161,0
T0BL1-y5OyI,1270,0
T3nq5iJqBFk,4,0
TBE7kiWlBhQ,358,0
TCl9gbannUA,334,0
TDJxuihYGVQ,126,0
TEOIg-eg45A,119,0
TFfJUjLAODg,1297,0
TI3HS9EgWCI,62,0
TKPef9VGrEw,602,0
TKXBNZpNqaE,1375,0
TR-Nz5sNSN0,91,0
TSYGi_HMims,614,0
TUDoGfZP1W0,51,0
TUDuQWbBsNM,261,0
TUhOg-tOxlE,571,0
TV80ZrwLepo,19,0
Tch49IXEyWA,90,0
Td8cVdNlOLM,158,0
TdUr4hMtoOM,857,1
Tj9RbWuDic8,976,0
Tpg9n8tzeu0,3353,0
TrO8mWPGijw,4312,0
TsPXSer2GWg,212,0
TsU5Zk-yvq8,6864,0
U01QDLzEauo,3,0
U6Vib0I-p44,323,0
U6ltFDHju6I,421,0
UAtke6inmuM,753,0
UAwUfV3BzIo,271,0
UCAuJUcxg6U,487,0
UFHB5LQrtBQ,1739,0
UFyMQcvX9sU,120,0
UG8_vmHikYw,9,0
UGqSKinEmkU,80,0
UKa5FiZPcws,51,0
UN4OtAb1Gho,1084,0
UQQhP4w6VMA,2760,0
UTowBo7kD5A,4,0
UV_-Hcbipn0,30,0
UaG723EA8m4,1800,0
UdKqbRBEyg0,133,0
Ue1xJPB6yzk,953,0
Ue8aojZiYcE,4699,0
UfeSVc-CHV8,441,0
UhUnWD_KrHU,32,0
UikzQMDs8hw,271,0
UlGG2eB6GnI,962,0
UnQYzFJbrUM,1963,0
UscfFS6GLmE,936,0
UtTGfgvXxZM,123,0
Utrv_GTW9Ew,3649,0
UtySjArq-Ag,2,0
UvzswQlJjLo,1995,0
UwidztZ3ggw,520,0
UxXeqbiDMxg,42,0
UzWscJtF7K4,108,0
V-Mvr7GtYnM,11,0
V0fFuPm-BTA,507,0
V26XJi4k_dA,1794,0
V2KlEW1dx6U,5,0
VD2y6OGJ58s,274,0
VKQhtIUfKiA,585,0
VMuZuUjpGC0,156,0
VOvQ2Z5w3gg,1702,0
VRBBQ-B4q4s,5035,0
VSlfs3s5mtk,30649,0
Va4hStNHOBc,21,0
VbWpV38Q07w,903,0
Vc6P0tuh62U,255,0
VcqyuP3_cvY,1581,0
VdRkOApFkX8,297,0
VeUXyJ09MeY,3473,0
Vm8LpvbVYEc,313,0
VoPn2ww9cQw,8,0
Vtv9YTiPEjE,167,0
VvWu3zcZwkI,138,0
W1Z3niPY2rA,2653,0
W35SfL1LKs4,211,0
W3HFIhKQgCw,73,0
W3Xw-wDVj5E,15198,0
W6L_Munamyc,645,0
W8iBYMd0iUk,248,0
W8udYbdYmxs,912,0
W9VKWBMN8m8,1124,0
WHTzQFkZy_U,227,0
WJH0O-BO4Mo,383,0
WKSOjfJ38LU,2028,0
WLDFRAV6cao,305,0
WMqAXKtNNGA,4018,0
WP4G-KgTIQA,1344,0
WXD50gL9V7A,771,0
Wd3Hlj_Hx1Q,1576,0
WejXfLIIxlM,3538,0
Wf0FexGs6w8,40,0
WoC9tMlfYK0,54,0
WqGbWOl1000,70,0
WqchpRdrMpc,1,0
Wqoc8LeY6Zs,154,0
WrB8xOPIiAI,514,0
Wroztf0rvxg,6,0
Wt1Xoe3tkdw,5936,0
WtbfFFmpSnc,1616,0
WwwjYcJnIoA,4265,0
X-snAjCVy9A,1400,0
X0rg7mZZtIY,264939,0
X6SP-bknoTY,22,0
X6UXh9g02uk,2822,0
X6l4s2BZNEU,100,0
X7AHzKmccPY,76,0
XAaq8S0LWDs,2863,0
XEx0emhyTS0,6768,0
XH1GKs0SG0E,1530,0
XJk16VjZX0k,4988,0
XLA-VWBrXyI,83,0
XMR9CMnjI64,5,0
XMsNfpbvveo,925,0
XNlQQxJ9uzg,2,0
XQhdpp0fJoo,1444,0
XRKh_LKdLsQ,2062,0
XUP23K1I8Xk,4375,0
XYNJsXJjtvI,59,0
XYSvKkslu0Y,1149,0
XcIXuABCss4,267,0
XdGXx1W3A8E,4337,0
XnFolyjiUQ8,875,0
XomZJVk_S5E,280,0
XqZr2yFjIks,16247,0
XtEK-tWTIU4,120,0
XvbviFBnlik,100,0
XyuaJpFEzPs,776,0
Y-O7gRDOG7Y,94,0
Y-P6yWvKXic,157,0
Y-W0sb3risg,192,0
Y1GyACIQlJc,24,0
Y3_hzmAKBdE,62,0
Y6B7_hZCqlw,103,0
Y6o9_5DJIBI,5731,0
Y7CUTsFus58,797,0
Y9_ieI5gWiY,224,0
YET2ELa-Pu0,1523,0
YEpM6fzo74g,171,0
YFqE8p7m88s,14942,0
YHOD5P8vDtk,46,0
YN4J1_mtRSk,4311,0
YPBuRy0w60M,654,0
YPelNSGodek,559,0
YPxo73o0u_8,246,0
YQ9RiAXed8c,666,0
YS0DGi1qZXw,3526,0
YSKmUslvJi4,941,0
YSrvugKwffU,386,0
YeoSatJIcnI,155,0
YfrDz7wzMow,386,0
YhlVac861s4,51,0
Yj9JqnSmPSM,1218,0
YoH-56JnZU0,3,0
YqVIUMIH3Ec,53,0
YqwPhsYmCbI,45,0
YtiT_ehHxds,116,0
Ywvl6kt-cck,136,0
Z056mVUQesc,1513,0
Z1QF34i-ml4,9,0
Z6DycgCCMnE,261,0
Z6i2A1fBOqs,1862,0
Z6zTN8cRKag,1141,0
ZAH_DoUYMX0,2928,0
ZBaW8PgpqGM,712,0
ZCg_uj0Wamo,373,0
ZEhci72o8nQ,1349,0
ZIBqjIGqLhI,152,0
ZN4JgsrqcuE,1135,0
ZPnmzwL9i5U,95,0
ZR6N3dfVbaM,36,0
ZUvcQjhEhDQ,325,0
ZXBu_RZB8R8,16202,0
ZcM82ZTy-1o,4109,0
ZgGB9kbtZVQ,293,0
ZgnS2EifrLI,280,0
Zkvza2XROfQ,327,0
ZxiF-QYyQN4,378,0
ZzBTZmo6gBo,31,0
_18xkyji3lQ,3,0
_1Bda-NJX54,1131,0
_1otJBqcYx4,1001,0
_4xTQk-NS30,284,0
_54PWmYMlew,40,0
_8QO-oR9NOw,1722,0
_8p6YkEPVco,4905,0
_BGK-Rxjbd0,23,0
_Bt7XoJ7VpU,956,0
_GpYWnWlgkg,1533,0
_I-8TM3WeVo,156,0
_JEf57t1pqk,780,0
_K8ZfMfaY6c,985,0
_KBMrGy9YNQ,95,0
_LOcONd-hes,624,0
_NaeF_ABgXc,553,0
_Qo0QRaA-YY,86,0
_Z6QZZ0uwbg,8,0
_b-hGsh-NEY,169,0
_cf7m39B3VE,91,0
_dimLa5XpgU,247,0
_dudfHF25Gw,357,0
_ghwoqOrQaY,1641,0
_jz_JdVBFVc,313,0
_mdLigb3oSI,1673,0
_ovl_BDCvzs,375,0
_oxjr265r78,1994,0
_rqFS7ti4Xk,134,0
_u40xGkxWaA,26,0
_uJPx0k7w-M,299,0
_xD4MjjEWsE,10299,0
_xopTmhcpEU,1286,0
a-_76XyOhf0,8100,0
a7rBmCKWWYg,1818,0
aC8M4FJtzv0,284,0
aCdu7eD3wgI,124,0
aIu5PPMqQqk,492,5
aK7u7MKEn78,8,0
aNrxrgDE0-8,400,0
aP4NKqMj6uQ,276,0
aRBLV6qVkQU,184,2
aTLqlwjXlQg,496,0
aTms6RKtJoA,650,0
aZnrXW8JmPI,68,0
aaQLgU1cQis,4800,0
ackrU2vW0Io,1170,4
ad8HISRVxF8,233,0
aeaQkZkm6vM,1021,0
aeqKnS8wqmA,246,0
ahXcgIBAu58,569,0
ahxdAsclzGo,1780,243
aiLdjEtsz6E,11592,0
alS0hvRnQnY,190,0
aoUFwg6VVAk,946,0
aqrYmv24M0Y,457,0
auMhttucgFU,543,0
auvogvGyPkY,103,0
avUEP3Pw-wE,773,0
aw-rFW4fxdI,441,1
b2T1YXOlGz4,174,0
b3N12r22k5A,444,0
b6AIGYveegM,203,0
bBB53AaE1KI,609,0
bEbaoiI3MSM,1571,0
bGOsHjpZJMo,320,0
bGZTakKSDcc,507,0
bHAJX66womo,1198,92
bIo0jvZD6NU,146,0
bKsLZiYqhoU,6,0
bLh2POyGc3E,233,0
bMmKXPv4Uus,3011,0
bMq4OtZTigk,3547,289
bNaQVRr8Qyg,344,0
bOp_K90uAHY,737,0
bOx3v_pXKBw,286,0
bSfvc2YfSJw,263,0
bStIQ9CoMlM,645,0
bVk4i_PYxug,899,0
bVsRK1AbDaw,2578,0
bZOc9-91NWs,626,4
baohjx4_nxE,128,0
bcH749HeeQc,355,32
bcJ3IypbRgI,240,0
bcof8LLMMAI,318,0
bfvtdJzBXb4,14,0
bg_sQbBzey4,21,0
bgq2xHDPnsg,333,0
bn5BDbrN2Kk,158,0
bp3vPm3cWsw,85,6
bpJMDD-NeEE,372,13
bqLSg0r5JLw,1080,0
bvjjpvi1ouo,22,0
bybxOpS4-zU,115,0
bywe70uLvDs,2436,2
c2DMXIglbao,698,0
c3dRiSdVSd0,100,11
c7mfXOSInK4,125,2
c8giNEKxUDs,175,0
cCwc_8u_ofc,41,0
cFqlucodi6w,801,0
cJH5ayaLBrQ,294,0
cLPyp_ReQBg,292,0
cSz-Sdu90FQ,473,0
cUltPugrEGw,2991,0
cil1yUb174c,1564,0
csLlAe6axkw,1361,0
ctFnQs215JA,452,0
cwgIyITKpNA,148,0
cykxC0iJ5vY,1043,0
cyqgRCT4nuY,54,0
czZQLjy70u0,5,0
d1nnPxgY0H8,256,0
d39MxOMCsOA,676,23
d49zVgCtv3M,25,0
d4ueUf0UwUU,1177,0
d5L7BpLKEG4,33,0
dHBnM_H8-uk,334,0
dM03P2symGA,256,0
dTIoPI6KOxU,1012,0
dVoNa2x4F9E,1211,0
dY_TgXgzflE,408,0
dZnL5R0pW0Y,1306,0
dZv6R9sTU1c,13583,1
dbXsmv1rqKc,5532,0
dfvuWGnQsSM,146,0
dhCh59ZAZgA,807,0
dlYkzh7v5I4,200,0
dq_IghOzc-4,1066,0
drRuLK8Q_3Y,1961,12
dsYfjywonVs,177,0
dvBGOWeyuiY,9575,0
dzAVL26buAc,108,0
e0V2IkgAIk8,93,0
e1GcT4Ki7OE,43,0
e1ccK8wKGqc,953,0
e29mUT9u7Js,383,0
e2Nw5_kDv9w,1236,0
e6bgdpqk5HE,1587,0
eDHXDi8TSSc,1058,0
eGHYfBLkZU0,472,0
eKrvTu19cfs,277,0
eWqBTAYa8h4,456,0
eXcnpCzI4to,578,0
efhLejpiMEI,61,0
eiIn59uhF0I,934,0
eqHikoQ-kcw,38,0
eumqgM3k6hE,2787,0
f-I9PxTX90c,1842,0
f-UqeVbQMEQ,5604,1
f2tFSGOYISc,9274,0
f3WFSL36oZo,40185,1509
f64Zt2e6s9c,112,0
fG9qXDhqTL0,138,0
fImsvWV-rko,1684,0
fLBkQtAufFM,346,0
fMhUel4vvTc,53,0
fMoiSjUJIVM,2593,0
fNq2lZuevrs,183,0
fOQ3rC0N7mw,3861,0
fTwHz6xOdOA,173,2
fXUgZ_vNtD4,1005,0
fe0WQL9AjFI,540,2
fmLamdOhuBY,107,0
ftmE4QjLDmk,4472,27
fxoNY-R_1VM,755,0
fzZyrDrsBRI,145,0
g-nHKfbVz7o,101,0
g1KvabVYGng,446,0
g3o1AYDFmpw,212,0
g5ngYFVL9AA,1103,1
g6dtrtKML28,829,0
gBBKLUkPf9Y,295,2
gCal_rHmvZU,1039,0
gDIBMy4JoLc,44515,0
gF_d2RMQ3Zs,296,0
gGP_tf_93t4,818,0
gH-_9OmosdQ,1475,1
gHRP5-vC4XQ,2263,0
gIyFshmQJ1w,6485,15
gJd7IMYqCYE,311,8
gJzckMMz_7I,692,5
gO9Tq6FlhDo,104,2
gRTboqWNmyQ,1418,0
gVIwVFYGqzE,2810,0
gVS7aR-IWMs,183,0
gazCskdpni4,902,2
gdoruZt_BPA,26,0
ggM9_BU1VPU,1595,0
gh3v4OPGGbM,171,0
ghTw_VSBErA,507,0
gnV33gZV_U4,41,0
gu7zjr46EAU,1667,0
gxo8GjPo_Sg,6,0
h3T7h128YF0,592,0
h6Sos6RU0c0,201,0
h7KzphrghJo,1216,0
h7WZ8Bz4tbo,117,0
hAGfU5yhcFE,38,0
hEJtZaOLcgQ,157,0
hEiqS5ih4HI,2239,0
hIHpvtNGGSE,452,0
hVPx0x9_f3U,725,0
hW58t74zUJk,342,0
hbV2ewCrMW8,89,0
hbmsXKuHnCk,8235,0
hdYERMUMlaw,1395,0
hiBT7YBRSkA,240,0
hjYiKPtt7J0,174,0
hkKUe1it5n0,27,0
hlkSCX2YGFI,881,0
hm4-cR6Jzis,2654,0
hmKJnFCI9A0,1259,0
hpAHmy5ZuHc,312,0
htSPu9X_O-0,369,0
hw7pXb1Do-k,685,0
hwTamqAitRo,189,0
hz8m-hWjwKI,178,0
i2TA4DFZt3M,722,0
i3mSMQoOAX8,1081,0
i5AU-Efj3-M,14718,1
i9i-EKENf-M,61,0
iAVJ9fldKHs,74,0
iAznPfuv6vY,577,2
iB6Y5TL4QH8,2793,0
iGh_WdMfn-M,338,17
iHiZc3WWWQY,20012,0
iIXdxevwUhs,16,0
iMLLR2fkvAc,390,0
iOFLQ4fYbdc,1383,0
iOzH9Lttrww,665,0
iPy5QYQNlS4,2,0
iQ3e5hScNzg,17,0
iRiSKVwVSCU,799,0
iUi3pE1FElk,1504,0
iawCzGEbxs4,229,0
icBljlwJTLU,175,1
ifCI8iYEbGk,2975,0
ik6EhbtQxxU,4694,0
iqmT3WW6uwA,108,8
iwy8c60fi4U,4531,1
j4YLAOeMJwE,723,0
j4ayd6mTz_c,1467,0
j8pNPQXHTI4,1184,0
j9p_4eaOA5I,75,0
jBIc1MHPl3c,3,0
jF_5U2LIg5Y,3205,0
jFeRScrJlMs,586,0
jHIJNHOOEvA,1636,117
jIwNr_x90pw,251,0
jNF331qgL6I,156,0
jP1q8TUmNV0,254,0
jVe8bhwMRKo,263,0
jaN-o__2Eeg,4155,19
jb9tBBL7uRg,484,0
jjDEccGJmL0,709,8
jjcNZjfwPsI,142,0
jjhuAxRF5zk,2004,0
jpleDhuQzgA,45,0
jqAzrdlhavI,168,0
jseq867D0O0,6832,0
jtu2NE1yPLA,100,5
jv995-wPae8,214,0
jvVyPl4-jTw,1361,0
jwih4eMNAQU,24,0
jz6aRglzyZo,2227,0
k3thMiH6yfc,206,0
k5RSY3aG9ew,2341,0
k7A5IziDOTk,81,0
k9S5ethsq1s,436,0
kAXUWGczQdo,844,0
kAaKFvwRoWc,554,0
kAqXeBqgqGM,88,0
kEALNEN-67E,1995,2
kGW_pwEaWJM,425,0
kNWdjxMWgMI,537,0
kQOkOmTCS_w,849,0
kQk6XrVLb8I,38,0
kWQLAP8I4kY,1327,0
kXJiEAcYNDc,153,0
kXhSnYVVJe4,239,0
kYzeeNTun1w,673,0
kZt9OLug2DI,201,0
kdl492M8aZs,733,0
ke3kX4yE-QI,636,0
kkTxdnbWcDQ,1902,137
kkewnRjhzjU,3834,12
kmwHj7COsG0,244,0
kpytRPKTy8o,156,0
kt-jmIRFzfo,50,0
kugixBqxtsk,1654,0
ky9Uv3Ye2Bo,651,0
kznYQ1Ed07o,1944,194
l-6DV_LFSHA,134,0
l6nE_hVU4VM,1123,0
l7nSNZSUVXY,5699,0
l90srhYXBAs,117,0
lAt2MMWvLkM,25,0
lFsR2SnkDew,434,0
lKRpSPXI_Sw,220,11
lMeSjcm_h0o,784,2
lUbhDyjibG8,796,0
lUkQxmZxPrw,131,0
lXx4azPDthM,7,0
lY0dqqy05os,124,14
lb5rPn82Uxw,38,0
lcEB7z4_F50,446,28
lg7VImVeZCA,2324,0
lhIxuS6CRR0,191,0
liVg0HafOHI,429,0
lkecVW7WDC0,1409,0
lo8Kuy39IC0,1098,0
lquQb8_vmmU,866,0
ls54S3sSgGA,705,0
lvdJ0-H82yA,1828,0
lwEq29x2FEI,387,0
m5WKg-64Ifo,188,0
m947eWwkxjA,96,0
mDfdUMvglk8,65,0
mROkVTx8mzc,434,0
mS9TzJj9Me8,164,0
mWTeyrM20AM,2703,0
mXT4SlTk6do,274,0
mb9wiZsLlA0,774,0
mc-81YusMDY,119,0
mcvaUNiEvSU,372,0
mgY0qfQ6JrM,735,0
mhhCM0Uo5_Q,326,0
mj31wEMZj3s,229,0
mnOI9sU8yAI,1707,0
mnxBXsbtuvE,539,0
mu0STHQOKOA,56,3
mw3qKvMFse0,490,0
n-vsb4ra6Ho,16,0
n0ulir3yiaE,211,0
n2SqZtnhniU,3533,0
n65jSpi9q8w,100,0
n6uRLXr6NsQ,21,0
n76jxfGCID4,103,0
nBGe974G_NM,18,0
nEMpaze5NZ4,584,0
nFBQM2-tJ-A,227,0
nJI_HhXbUO8,594,0
nK3YAMUEy9I,1123,0
nKB30BxUNOs,384,3
nM5HFjbPxoo,28,0
nMpX2bJD_jU,150,0
nNUDgA4UCTU,856,0
nTSeIhxBva8,114,0
nWIdML9-lLk,337,0
nZQojOxkW8c,348,0
nftFq9WFyZY,3982,0
nn9kPVBlYX8,83,0
nrgYBh0tzVA,2637,0
nuZ25Tppz8A,1375,2
nvdo7hGnzbY,11,0
nzBnoBajQGk,33273,0
o1V-nSRmXLw,1480,0
o2Pg2980XYk,939,0
o5LUi2NfwJM,772,0
o7kE_bFaAtU,575,6
oAP7e36bmZI,5322,9
oAPEy27r5Is,34,0
oAj63ct7IVM,266,0
oH-tTawBsDc,622,1
oIMwZF9Rs1w,389,0
oJ2py0c_uBU,1050,0
oKQ-UoYFcqs,167,0
oMvD4tU_-yE,503,0
oRtsbfA13Vw,583,1
oSOSCCzWB2g,706,0
oSg4r-3uRrw,115,0
oU8YHS17Tts,2908,0
oU_Wr6XqWVE,1046,0
oWYJxKjSWZM,63,0
obBcyBjSaEE,711,0
ocghG57Z5e0,1372,1
odjZtjt1hl0,165,0
oejCcB8BOM8,1310,65
oiDVZxdo56k,1839,4
olMAbQa2ryI,434,0
oqfgeLIKEOA,1248,0
oxtxZ7QGCQI,78,0
p-g2OfRltpc,661,0
p6E2fq50aLA,4486,97
p7HiG4SlRFY,21,1
pAspb90jDZ4,121,9
pCsHGDxKjN8,1140,0
pHUuGcthxGA,82,0
pJcgR3JPBt0,244,0
pSFwH--ccLc,522,4
pWAjdEuj3v0,1,0
pZd86esnfUs,270,0
pZvRI3RHtF8,6,0
phB50XZ6DSg,2454,0
piTyDWjPfnU,187,0
pnLuvMnxVKw,605,32
pni2S7dsPx8,1155,1
prwobPc-SJ4,2809,0
ptlfNSJyfBU,2342,8
pykmdBjDi24,1146,1
pz0suVnW3lE,386,0
pzmoP8ehZiM,881,26
q0tAT1I8qxM,76,0
qAnvmCWTBAo,6208,1
qCIR1kTujKM,3648,0
qGxHMjai01g,4367,0
qHI28Q78cf0,39,0
qKGCSb6uilI,1407,0
qPUY4G4oZb4,252,0
qQhbq2w0hmc,100,0
qScLMA0i9CE,318,0
qTHRJimrzfc,734,1
qWUDX3KvVgc,324,0
qawsjIqaJQ8,350,0
qbsq6nmP4u8,240,1
qeoH38ftn_8,23,0
qhAFOu6_FcQ,32,0
qjzD3LkrDSQ,2724,0
qkO6H0tb_SA,1617,0
qlylahbIBTQ,406,0
qpYFryUUlWM,1155,0
qqrpMRDuPfc,25637,0
quDt4h_UQIE,112,0
quFGreXfKKg,1210,0
qv9O-VdIIAY,46,0
qyWhiOyyOMw,907,0
r--0F5utj-E,662,0
r5M7Oq1PCz4,5607,578
r6SjNFKQUxM,2683,109
r7rfqkd4mbs,3826,0
r8MQLw-D4kQ,213,0
r9K1lJrqy_g,995,0
r9fLkHYbWl4,26,0
rAsSKvfoXHc,959,0
rBDhYdRNivg,4,0
rGsORDAvq0Q,3531,98
rLqPo_4feLM,22,0
rOBF7omfM4U,729,0
rPbhp5AKzSc,3647,1
rPw7ZpcXLQw,302,0
rQj236VgSbE,26,0
rQlw3lnr_dc,559,0
rSXpUP78ZIY,252,0
rW2syGIMcK0,18223,0
rahZ_CeEpqI,536,27
rbPXiLeF3ns,1159,1
rczJCMIo62g,446,0
rddqcI2OjDo,340,14
rgbz172PhDI,4,0
rhTZTy1rZhw,6567,0
rk8_upxjJ4w,352,0
rlic9qU9avw,3225,25
rn27WGzMgR8,8628,0
rpDCa76Hw0U,18,0
rpQ2CzHvvmE,37,0
rw7OO9PcEGc,88,0
rwhzdR7V0Ck,992,0
s0S0H2tauRs,918,0
s3ia4qTmTSw,427,0
s5tIaLEBIsE,141,8
s84NvyD8vR4,438,1
sBV-NTsYAWQ,1898,0
sEgxhD9bDkw,402,0
sGaS9xwvfIM,22,0
sHC3Rm2tg1c,3641,0
sIkIzcYpouA,13148,2
sJ5fsyjW0HU,167,0
sPYfgtF9yiM,5716,0
sQ1RjT4Kuzo,118,0
sRGbFXQlKE8,909,0
sVT1RIQteT8,16,0
sbg6C5N_Y2Y,90,0
sgnO-fkmNSo,38,0
shvIKLxYl18,171,0
simQqEvzzE8,80,0
smCSSWDrzrM,729,0
smOG5MQ_QHo,140,0
sq1NxYtqsAk,101,5
sqNa6nz-BcY,396,0
ssG-3FGIoGQ,199,0
ssKJYCw7Z7c,4213,0
ssiqJYoM7LM,981,1
sx7L4x-2gcY,54,0
syKBp9kEggU,579,0
t-6SW2jmvYY,5058,0
t1Huknc6tkM,1919,0
t2zClnV0Qlg,2232,0
t6MBoYWDZUQ,313,0
tENWirCcX6o,1779,0
tESKiip0LUg,920,0
tF8nTlXTsRQ,706,0
tFu-eSscT10,466,0
tHv9-cflJZY,135,0
tKYqyUKFWxw,4,0
tMKcT9jUBoo,514,0
tPfqH7gFdUk,196,2
tQ_9XVfZfE4,374,0
tR9v8b3iNk8,254,0
tSaxs6AaIfM,1541,0
tUzjRjlalXw,632,0
tWPuWifUfAI,1020,0
tXd4YQ4jDHU,632,0
tYAvbb3r-Jg,387,0
tbYJXoKyvBA,42,0
tbhn9qISnZE,6618,0
tcOUqPRaehE,86,0
thRzcBOm8y8,806,0
tjkePewV0kU,1254,26
tm5SJ5Q13Ug,1198,0
tn5sEqrqt4s,244,0
tsvB_LMsKq0,18,0
tuPJlowpTOc,4334,0
tx6YhsCucTw,40,0
txwFSvROJ-s,318,0
u-B3q22Hsj0,209,0
u00mOi_9YuU,1653,0
u28d6kDlQGU,41,0
u2I--Zlo5UA,7955,0
u4VwzWu4P8I,2821,0
u8lX97IHd_c,2600,0
u95e3HmYLGQ,1208,0
uJK4RPEzN9E,525,0
uJmLWcJynf0,258,0
uLVBPbMARzE,393,0
uMnTFHWup4Q,247,0
uPNilorV61c,646,0
uQPFNRcoVHU,903,0
uT2U4rJ9qGM,358,0
uV7g3U5GfFQ,710,0
uWu4KY08fMc,1115,0
uY97xFaexFM,101,0
udo4bMLl2kU,1362,0
ug6_8Qeb9aw,1418,0
ug9FViQkC5U,55,0
ugklNHm0j-I,114,0
uk_2FJNOT-4,130,0
ulf-ZcXPyNs,211,0
umdzkmoedmw,135,0
uoOvK1TR42Q,1169,0
upR-ObTXuxM,67,0
urxC7Dk60aU,237,0
uzlHVI3wI4Q,61,0
v44y0fWDZVQ,100,0
v6wWUlXdEDU,798,0
v8WkL0L6TL0,135,0
v8yUgdg14JI,983,0
vA1DXbjnR6Q,2358,0
vAmyOezZF6g,783,0
vC0PA48eknc,16,0
vLWi5r3bvwQ,339,0
vOBu5ISo_2I,160,0
vR5mIpWFhkE,415,0
vR91_ATMrYU,163,0
vVq_yipnVVI,430,0
vWXV42MDoC8,4,0
vbj8bMQNIZE,1114,0
vcClyeTBL1c,7119,0
vgD7eIMQ9N0,3999,0
vlUJE4Vnxp8,49,0
vnkS8xES3ww,1549,0
vteM918IxQ0,18,0
vwyJ5QR5MGQ,372,0
vzTFeRTM3js,9995,0
w-c3VogURdQ,577,0
w3_KYOIzb_A,16981,0
w3m0Rg6m9G0,1146,0
w465NExPCns,1457,0
w60_HvwGx0o,3606,0
w6uvYEoC-LU,6987,0
w7JBHSx5ScA,5390,0
w9i9rwg1L_A,4499,0
wHxs6s4I1Qw,357,0
wJuyyco5u9Q,723,0
wPg1ctBpYG8,137,0
wQAvymAEQdk,472,0
wQP7aHEZgoE,239,0
wT8Gnjw_TsE,221,0
wVCipCqmhso,415,0
wVFvkPFL4yQ,1027,0
wXZAYekSNIU,4736,0
wb1A6dD8W-s,107,0
wd7PeNb7tEg,107,0
we1asYsi-40,108,0
wj-K2VZf3S4,185,0
wkYmJfCc39g,1759,0
wmJuqv96su8,37211,0
wphh9U97TQc,2364,0
wpjrtjew5ng,446,0
wuB7HMqb9Uo,338,0
wyvS3jcWZ7U,64,0
wz5igxipTkg,161,0
x4fi6pvddhc,150,0
x7ODVLJwBm0,802,0
xBjjz8gcexc,1459,0
xFN5xQmRIws,112,0
xGxYFHyOesQ,1269,0
xNa2XXk9arU,267,0
xOArhnjwICw,1728,0
xPbBqpJy3NE,1882,0
xTOcfLo7dZI,939,0
xWDLilPAskM,128,0
xXkkGb13NW8,131,0
xXlJWKSTZSI,66,0
xa-iy7h-tSM,1092,0
xa-xTjIjYAE,156,0
xduTIEJtXnc,462,0
xh6QXe8vQCQ,3129,0
xiBOolk-jNE,20,0
xkEvWFC9lTc,174,0
xsvCn2N4ARk,2279,0
xuan1c9kw8k,7035,0
xv5SNvsDimw,504,0
xzolFKTuMrY,228,0
y0_m-m6fr3c,25,0
y2Xx7RpwAig,27,0
yB28sZ-VRbY,370,0
yC3rjf9JqU0,555,0
yCKo0pk-elg,335,0
yFNG_Uvji8I,874,0
yGkVCEwsB00,144,0
yGrJH95CdIs,606,0
yLAbUZzmbuU,609,0
yLZGXSc1p_w,194,0
yLiq4PXouUU,446,0
yOzVFOmSRMM,502,0
yULqmB65mm0,968,0
yWHyOIJEaXI,11,0
yWZd2huMxkk,198,0
yXYS84cxb0U,14,0
yYd4eDXG5Vo,572,0
yZe-TlYxm9g,3664,0
y_-f1VSaCnk,98,0
ybwoXco4P9I,718,0
yc-0ZkqmwpE,1121,0
yd6PkvYZzsE,348,0
yiy6Pm49orA,703,0
yk91nsAjOOk,585,0
ymlhSb_k0Kk,6063,0
yp03C6j68a0,932,0
ysTFwQzKUZM,5054,0
yw4E0_Wydkk,1514,0
yxAacAqwcoo,437,0
z-K15FYMe18,259,0
z-NP_16EoFk,5494,0
z1GpatN3C1c,1327,0
z3lluNxj9iA,315,0
z4CD2mwZ1IQ,286,0
z4MY4fDJTbI,164,0
z7Nf2JvN6b4,147,0
z7s5ZWo4_8I,1024,0
z8--uEYRixo,41,0
z8acUAG_IoY,5209,0
zB_OApdxcno,12207,0
zBvix567ZtI,23,0
zEjGOt6qO0I,126,0
zHVtd-g0dPg,1981,0
zIUoRyn-MJg,130,0
zLaIXAV3z4M,1112,0
zMdH2iNACn0,529,0
zQx8MpSsRSA,72,0
zTaiuoRQsRg,319,0
zYXyqxIw3Xg,2693,0
zbpId2TBhtg,13,0
zcaPY_I2L6o,981,0
zdWwgHSijhs,252,0
zfgbKU0bkNo,162,0
zfk_SoaV0hs,691,0
zfspcc-Kasw,645,0
zh0P40GfvFA,32994,0
znJIT35z2T4,36875,0
zo43czYCd-w,113,0
zsqkWyDDJKw,33,0
zwl1C0ENwUI,2012,0
zx4Ae9TaGkY,148,0
TOTAL,3363190,22210
