video_id,video_comment,video_comment_final
-1rq4OYXEv4,1297,1
-54xAtkz1qQ,104,0
-7wytOCMaXM,8,0
-Go3o7Jf5R8,584,17
-H__d4SvibU,27,0
-KPvX0KbMT0,4226,0
-LIW-XpziEc,25,0
-M8zj0HpWqo,4410,2
-MqyhrKR1XU,254,0
-OpwhtYwY4o,539,0
-QFDHaue_Cc,92,1
-TZp0xMfTww,1060,0
-UY3m8TQjxU,49,0
-VvmyHV4PFU,90,0
-ZLqv4OAgOg,205,0
-__xXKyylrk,380,0
-a_vVFM0Bgk,160,0
-adUE-n_pXc,168,0
-bHg-QdNLvE,212,0
-bnzUIJyzfM,1033,2
-d3QrvYlJpo,114,6
-e7JrBSfjYY,605,0
-gkq_srdhZA,836,0
-hKJOeI4ibU,61,0
-hOr1jufCb0,532,0
-hz6dDUQlPk,1877,45
-ixTF6I8lNE,1351,0
-lHesyZaAp4,295,0
-lk5QDhFZ0E,322,0
-nAU3eSx_BM,4255,0
-qSguUkOjAk,948,0
-rES2ygxrvo,195,0
-rGoz96a7WY,2549,0
-w8Y-8xzBho,1063,0
-wPsLeEqIC8,267,0
-xlBbbqyADo,843,0
-yEBg6hYC64,39,0
-yaUiBlOYn0,1169,16
-zX74ebHPwE,34,0
0-FOFU90AbU,178,0
0-Y0vAuMGNg,63,0
0-ttgS7ijGc,1097,20
01hZ55-HcB0,423,18
01u5BzfkUAA,155,0
090jS4MrLRc,778,0
0B2hL87_CF8,380,0
0EdhyDbXP7o,176,1
0GRQIP2K_eo,346,14
0GYAfMFfl6k,1027,0
0HLVrF3ioeI,100,9
0LbE_TvbZi0,237,0
0MgqXK5RQFc,1234,0
0NvsmcEqHw8,47,0
0QqgUdno2v8,17535,1471
0TP7D114OVI,197,0
0UIk3mqYzIg,198,4
0YpQpVrq49A,157,0
0abYMJRItoM,292,1
0bOPB2A6mZ8,391,14
0kT5UhQkB_w,494,0
0nnbAo0ggmQ,931,0
0qV4mpc8QiA,4523,363
0s3iWq50UCk,83,0
0ttFOge_9oA,32,0
0xP7seMMTFo,16,0
0ynoFBUfai8,104,0
0z8flbkbZ7A,376,1
10H-9wr7GkY,2932,113
13DWvqQqzYw,147,1
17ARxH3uZgY,3955,0
1AwrtwRxvlw,1363,1
1DDLzJxodag,175,0
1E0a8wdOdiA,8,0
1EKqB9bYUq8,1701,2
1Fl-kO2PzRY,245,0
1Hlhi5fF0R0,65,0
1ODaSCWYxh8,1053,0
1Scncqm-aFI,98,0
1T9tLMh99Wo,54532,667
1UsamU3KVaI,771,0
1V98YBHCTRU,2058,0
1WRDt-oLo2k,172,0
1XPicMX6s5k,1762,0
1Y4qpHI3l3U,459,0
1aK4E6gE4TM,107,0
1b6DdPVI5iw,31,0
1dv54CJycgs,3717,6
1ghq6c3gM6c,68,0
1hCZ4r0Acjo,624,0
1ihstsssXqQ,2466,96
1kCxrJWcvcc,673,0
1n25hdAvY7k,29,1
1oNKV-63y6A,1940,1
1pmwjJ1h02Q,3167,1
1vIP_Kao-fo,429,0
1wqeccW5Yh8,211,16
1xRwTViv6b4,791,43
1yYd3D96xTA,277,4
1yfaxoHyFbI,301,9
22PZP1dedPE,20003,34
22tm2y1FoEw,1125,1
238Z4YaAr1g,42446,2167
24GfgNtnjXc,601,68
25FcPPToyRE,860,1
26jIxTEsYjQ,475,0
27G4btgJEWQ,365,9
27LkhaZ0otw,1704,0
27QdtQuVp7Y,481,0
29Wz7SpVHl0,3418,0
29l4rx7mUks,691,0
29oNb_Dh3is,369,0
2Adt6nK3-6w,1282,1
2CXk5TnGZnw,1302,1
2DghsdI0lwM,130,0
2E6GreKzm5E,340,28
2K1agz2C_9o,139,0
2Kh7M3rFRcc,8,0
2MAEMwqVYh8,319,0
2MatUGntHSE,413,0
2OoKZRKIV9Q,90,0
2SznaLQzXC4,3003,1
2_FZg51r94A,476,1
2aG1hroDx-k,261,0
2aua3byharo,242,2
2byAsju7UD0,1402,0
2gsx_ZpsfdA,9077,3
2jpRvazux-g,1841,11
2mV72J4BbV8,390,0
2nfSk_gGpgI,3559,0
2odR6lTfVzc,182,0
2owiZw6enWE,1846,4
2pLItnka43s,5074,7
2qCpY38ompo,25209,285
2qdCIJG8cYk,165,0
2u9r_YSqbOM,2316,1
2wgaBS9GAgo,2,0
2zXD9tz_uRY,463,0
2zzoyXmLQtU,1624,32
32Xc2WmMqP0,158,0
34uBOF2yclU,141,0
35cb4xHp7Mg,2409,86
39_-gWu987o,13,0
3DsjjQw_lmk,982,38
3Dy_P9OvwCs,125,0
3GmKhXZebKw,1009,71
3HOFVU792mc,489,0
3KgLqlrYjxw,1383,0
3LoNLu6zVPM,38,0
3Lwbw6LSyqM,438,0
3QrCFlq5AaQ,12267,402
3SHDylN1X8c,428,0
3SicOb2Bbhc,186,1
3VaLKBOACLg,51,0
3XBUDlUiVts,282,0
3XtNjthpkZs,1771,0
3ZAl_DBajqQ,123,0
3Zr0ZHTCnP0,152,0
3ZwI_9d3fJg,1752,118
3bmxhr0R-wI,221,0
3fGWkgcaDGs,141,1
3gRKBu6xIIA,131,0
3i6o2PoPNZ0,2062,0
3kVcX1-3z2Y,270,0
3llOu4uz9zw,489,0
3o2sG3GtPtw,113,0
3qC_SoqXScc,634,0
3tfI1Bs442E,29275,48
3uE9gAaMGuw,100,0
3vf0cmYhEVY,56,0
3vzMCVdv1IY,3548,0
3wBU1qRhoWs,866,0
3x_51DAdzlk,824,0
3zcor0QcHRQ,542,0
41EUilrmsk4,501,0
42n3NHU-qZk,1073,0
44ZwVWXyhOM,88,0
44vR52Zi1nE,833,1
45352pFQxmE,6184,1
49E9dS1Ygow,41,0
4CXB2xpV9HM,9345,0
4EEedk1SkDw,1971,0
4GUQAw0_pbA,204,24
4Itcn_CJjMo,328,0
4Kjpi-0sLQ4,102,0
4L4KKW4gq9Q,35,0
4OGGPx5jgg0,1109,80
4Pc1Rrnhces,247,0
4Qxy3AejpII,286,0
4T2cCd0mA-0,412,0
4WWXV3En5qs,433,0
4WuX70Xa8Vg,806,1
4X-olAF9cjg,572,52
4YOYpJj8Eb4,470,0
4Zr8Ijlvf3U,198,0
4cLRvWsPjP8,2214,0
4fcjpnWd8co,2820,260
4g14tYPwkfM,2350,0
4iSPg1_k_co,167,1
4lKT_dAv_MU,1057,0
4m1GCSlEfXg,11,0
4mLXAbXf_Oo,304,18
4rwH_PRlUtM,1672,21
4t6_U3bg618,385,0
4tw1MbD3CX0,1356,2
4u36EVMTtiI,1344,0
4xoN7JcIggE,431,0
5-YSDm-6MUk,29092,3
539VLXMEoKg,2499,63
59EbnjrTRGU,164,0
5Dss_CddGLY,353,0
5ElF1nqHuZ0,5664,0
5F5pBTkW2a4,269,2
5FvamZEkIRc,5724,1
5K-8ejZFpqs,403,9
5KAzbNzt7PI,97,0
5LXhsPX9_io,641,0
5Rq-Os8CkUY,545,0
5SgNQzhLMyE,501,0
5UkaMKGDwwk,2094,0
5XGwsCz62pc,123,0
5ZDI4K1lg2g,36,1
5_4QaEOkfkM,1358,56
5_8RCLkipbk,551,0
5f8ZYtaBRx0,450,0
5hIqXjAmo6k,891,51
5kB_mDc7Im8,900,38
5rLuJftmhro,2879,1
5rVH-na9lMw,772,1
5uD9hodBYdU,18,0
5yqlIgNx_uw,75,0
60RquhwJjDc,55,0
62iT888LUQk,402,0
67FVMNGMFXU,4462,416
67i6UhQ_jJI,1967,0
68-1VrRM4p8,2755,0
695ZYe00UFg,224,0
6AsCaSc27-Y,209,0
6CvrWCeWUXk,137,0
6GcHuH6TXmc,771,0
6GhxRWu1BfM,251,3
6H2Ri4vJZNE,495,0
6I5Xg7gz2CM,1440,0
6I80iiBSRCQ,1738,40
6NnwYnCU2dY,112,0
6PcFXzuCMy4,1966,0
6UxJmNfffHs,14926,0
6WBMROufN_k,95,0
6XQDNsIWE1U,448,0
6XRNmOcyjeE,3493,33
6XsjZiFthTM,121,0
6c5b4DvdHus,6015,1
6e_YrExMSgw,802,0
6fbfrV5qqnU,9338,666
6gGGkzgeLdA,1147,0
6hKvuxBAucg,753,0
6hcF0Ilkaxk,2638,212
6jdGh78qLTg,330,35
6lpPbUxcqjU,4621,209
6p2OcdkjX7o,1824,1
6p_acerDKKI,337,0
6vEHupXVHRA,989,0
6x28MzgP74Q,2826,63
6y7gQM4c4aE,367,0
6z-_fHzkPo8,118,1
6zRbD_vJpug,187,0
7-b6KrRhm40,196,0
74GsYZV8IR8,162,0
76hGBhzafNQ,740,2
78XN65bzyVM,22,1
7DBxBf1JZkM,1175,1
7EduOiG7iII,199,0
7GzbvK3vNUE,1116,0
7IGQILU__4g,185,0
7NAa1EDoqHU,175,0
7Ody9AGVuQ8,1736,108
7Poj6K9R0qs,54,0
7R3hj9F6SJg,2375,19
7RNH4tJjmSQ,201,0
7RpoWDeEX8U,508,0
7S7XfRajh9Y,1509,120
7W6PraARYHo,23,0
7WKfy0CQhkc,103,1
7XYWoq40fLE,2194,0
7Xb3mxXhzLA,347,0
7Z4FqfnPhTI,852,0
7Zm-4gbwIx8,347,7
7_HLva4_CoE,200,0
7_I-bSwBtL4,1301,29
7anmIIwg0gI,646,2
7blMLmjNBak,250,0
7eAoKjAdiH0,144,1
7ft3RIaAh3c,1414,0
7jLXhA7wQv8,255,0
7kLHgnuYx-g,525,11
7mq-p98IIhw,682,84
7rbkHEO9JW8,202,0
7sI5XG8wjIs,33,0
7vVYpONbdO8,1661,121
7yBsu2uiuu4,215,0
80DaR2CVNNk,93805,4538
83LYnrz6_0A,6807,1
83Rjg2hMVLE,177,0
84HfQVPSaYo,642,0
85O1-H6K6iM,4,0
86JxfmQryZQ,1951,0
87ywggOkdSI,331,7
88Ryy76kmxk,362,0
89q--U0RfAE,559,0
8DbSuYdwaaY,179,0
8F1RgrdGWb4,70,0
8GM_0qtNBNU,1,0
8ICBuCtcOqo,2462,1
8KuiHztCXE0,277,5
8LrOQFE_vgo,6071,1
8NNvoBOikV0,110,8
8OftsNX_uVY,33,1
8PVyQF_phPo,63,0
8QZJ1Th5J-A,221,1
8R1X_uxF8nc,38,0
8S4X83fGd4I,264,0
8Sw27lU3fA4,143,0
8VJ0MkBu_m8,2057,6
8XAeLiSARNU,179,0
8XXk11QIsVo,3265,2
8Xo1V8CIMSk,78,0
8Y72tVwihh8,200,0
8aR2Ct-0y8M,123,0
8bnIWIHlOmQ,185,0
8dwocAz1A7M,1677,171
8fDIKikk2bI,3630,18
8itdlN1g3NQ,421,0
8mM46SdeyD0,780,0
8pq0U380KuY,240,0
8ttAmz0iBWk,468,0
90jiws2YFrM,2530,0
94wAnJdRxdw,210,0
96OeKkvoEHs,26,0
995L4SOJ8D0,2,0
9A0uB4xui6g,287,0
9CBdBLkKETA,167,1
9CLWYPd1aA0,9272,3
9E9o2ceDeWw,6209,0
9EjlT16bX2A,520,0
9Fv9-R7JEI8,33,0
9Icp0XCzi0Y,1004,0
9JVh2ZCsPNA,10291,0
9MD6-ReS_VU,198,0
9MeAP4adUPE,43,0
9Q6cXyjemqA,5562,0
9QAI2YHWSZ4,1188,1
9QQTQuBtxKg,1542,136
9QmHur07r30,158,0
9REgV6_QrAI,224,6
9S4eApyo_zs,886,1
9UO7xeWUOCA,4276,2
9VnufzO0IZc,314,0
9W5PHg447Xg,845,1
9ZieX7ROT7E,476,0
9fAZfGLGR60,542,0
9fNUJFh49Do,2508,3
9fybsqArlng,647,6
9gt-EyGyamc,138,0
9nkAI_fd-us,362,0
9o1ea3O_GTs,2181,0
9ptngRAi39w,35,0
9q8dyxwkATk,7314,188
9s2hpbim6V8,1193,15
9snyknwSrJM,229,0
9tP5WUiJJAA,253,0
9vmyasmeXgQ,193,0
9y-XUCpFqGc,84,0
9ynWB2NzFv0,152,0
9yr0a8zJY_o,64,0
9zKZDDzuDQE,648,0
A3OzMrXOs7A,10,0
A3T4SYm37GI,1099,1
A4gFBpURj1Y,3746,149
A6phHe1uTJ4,595,0
AEfFh0SVxiI,1471,1
AFH-aqKptSU,2274,0
AFOFe_QJ4IA,214,0
AG-Ozz0pqq0,448,0
AGnWzUU_FRU,5926,2
AHu2nBZEUPQ,2829,0
AIznSWFO1og,901,0
AK3zEGUItJo,2088,73
ANLSr4Et3K8,31,0
AP6y_K_Q55I,861,0
APnLyrN6_Zk,845,0
APrLuGHV8kU,8384,644
AQ0qN5mI60E,312,0
ARRUyyQahRw,1086,59
AVwZsRS5KLg,9174,1
AX5yxShC5qY,529,1
AXA8jTk1tFc,15614,7
AYR_xAVtWiw,770,0
A_XbLcuCJ0Q,507,0
A_zeFejlG6M,20,0
AbC8_0FSEC4,423,0
AcVueQZTWOs,2418,21
AcvD8zFZodc,983,4
AcvZjCQDUMo,1320,0
AgZZbbal0qI,67,0
Ahs_5-cFVOM,624,0
AknzHoPD1Fc,200,0
AlN0lc9k0dw,2009,19
AmWQhTHQh_Q,926,0
AobVGMqDOvY,890,0
AocL7vWRDQ8,1479,52
ArSgGY8yauo,541,0
AtCtF8Z4JU8,1760,161
AtKdV0LoHr8,3359,2
At_tVGKRH6g,862,0
AuLFrFuNGNc,2540,0
AxUJr0ddQZI,2043,156
Axqjcl7zv70,3,0
Ay4hCFxeCKM,1700,186
AyJcX7ecMlw,270,1
AyXilgVzfH0,69,0
AzJ4BgxYekM,346,0
BC77H9jZZiw,797,0
BC77WPhljb4,223,0
BCQYxoEdmdI,1463,41
BDujwnZZBxc,3109,21
BE0dihDdvdk,1344,110
BF9eDj0FlLU,119,0
BIC6kxedVKk,28,0
BIIRgvpZb8s,2580,0
BJAAGFj7kFg,148,0
BK-CD70oG7Y,5394,216
BLWlKdVJhmo,684,35
BPLKNn_fjds,68,0
BQBvPypinoU,944,106
BV8CQmjr-ag,751,0
BWHEx19k63M,368,22
BWPzmgmg-is,202,1
BWoL3CHz-Hs,961,0
BZ6mmUijhCE,3407,221
BZkH5G2UJ0I,811,57
B__PTWZ90wE,5691,1
B_tba0AV6pk,4179,0
BbNbyLK6Gsc,5541,0
BbQBw-8v-i4,1295,58
BdpP9WJkv1I,2550,0
BgOlFOVDg_c,13,0
Bh74hBCG98o,377,0
BhJ9UDxI6kI,1384,0
BkdG0UGaI78,150,0
BkeHIe2kSyY,794,0
BmUcTyocGCk,69,0
Bs5H-hSw7Ro,2832,405
Btx-yPPbB4Q,267,0
C-uqntAqre4,186,4
C1e2dY1ia10,612,1
C2KKzYoP240,1725,5
C3FGGUh4gVM,15,0
C4MKcyA3_yo,70,0
C6AiozS6j7U,1348,18
C6TCjmBMIz0,751,0
C6kAyG2w3X0,140,0
CCZuLYzlZWA,4499,196
CDVzgBKeb38,417,24
CELK86ILNaU,4612,0
CIuGBF6fKwI,167,0
CMAd8QrSBrc,137,1
CWw2KH-D6Cs,40,0
CWy5zysV__c,876,0
CX5IAlu8DnI,346,0
CYz56SfpDpY,72,0
C_VlPQtKAuI,638,0
Cae2haI-zmY,1278,137
Ce7EQ3RJmAg,514,1
CjUWQh8AXak,65,0
CkLy6Gkzhvw,388,0
CmuO3I42wTY,113,0
CncwRAZvc-M,588,0
CuEnWT5Dqoc,10491,2
CwXpC-RzWV8,22,0
Cyn3zbfVKuY,97,0
D1nQF9-tOYo,27,0
D6VhB4Wj3lA,252,1
DAMAuOvWsyo,2951,1
DBq0SOgNw2E,49,0
DChrGZaD_3Y,271,0
DCmmnEL1_3Y,24,0
DDXwc0XIhoE,532,0
DGZGanNZyyY,128,0
DH67Gp1DVXI,2332,78
DMhbt60bYlI,1076,118
DNOxbhzGSjE,1157,0
DS1k1psCnbM,73,1
DSyRbDXlX6M,85,0
DT5Qm4sMPb8,1208,0
DTK7bzl5-qg,594,11
DUTw0swj13A,4243,57
DU_p_o0V_R0,174,0
DVbKmQ7Hmlk,103345,268
DXavObYFDsU,384,0
DZ4kLiOpF-U,711,0
DZVKWN2IaP0,122,0
DaYyn14MNJ0,474,0
DcbCGk_t8CY,54,1
Dcg_UuIdLHo,2,0
Dd9QTquqjM8,82,0
DeTTb0JuVxg,1118,0
DeuclmBzY4Y,77,0
Dk0-yqfl3rU,500,12
DrEsdlfi0mw,617,0
DtGnZyekixQ,735,0
DvqFdZSDsiA,1974,0
DxnRvrvSsHI,900,0
DyrKEdOT8Sk,2227,0
Dz4VkHA3AJ8,705,6
E-NVpJTTfP8,10411,1
E342vubUs5g,294,0
E4NCbzR-aBU,55,0
E5dfjAlxaxY,605,0
E6WDlZV7vFA,1753,0
E7FpYuKjYIQ,142,0
E86OMSHHu8c,7122,336
EA_rUK7utAc,8484,0
EBtjotQbwjg,469,0
ED544Luc71o,520,6
EFPyw6d3ygA,367,3
EG4xBFsoiMY,148,0
EGOtvKoqG4I,450,0
EIctJfDxHus,1467,79
EKOHq_nTcLE,436,0
ELJIbm95p_c,1940,2
EOJYrEiGWVk,22,1
EOV69Gwbbos,84,0
EPpQtg9kyHc,724,0
ERk0dnWxB14,118,0
ESvTX489JuY,1640,1
ETSTNH90t0c,70,1
EVu4_yFw6yo,225,2
EWm5EocPReM,569,0
EXOCgSJYyyQ,131,0
EXcprHxo53g,6165,1
Eb692wwOhI4,698,0
Eg9_Q1FHFuc,129,3
EkV3uq2kGL4,218,2
Ep-rXmZNcEE,12,0
Esf6NVGUaIE,47,0
EsuN33cmDjg,533,0
EuCzRi4HUBU,88,0
EuWqzDD2WNE,265,1
Ezzfc83C6YE,865,0
F-sXsYNQYbs,6061,2
F0ElmqLrePM,2596,0
F1gGsoSj5sI,6321,2
F2JDglXgtK8,1206,0
F5HhTD3b46A,2485,0
F7N5nzowhGU,6429,0
FA12a4UKbx4,515,0
FCx4RQ1gthY,167,0
FHj1eu2gkUg,51,0
FIXQiHtDfGg,161,0
FLRI8G39sLU,299,5
FNmtbOo_PQQ,57,0
FO1nyGz4r_4,305,0
FQN9Ibjh8LA,1916,144
FTvPxO1Hfuo,1131,1
FUu9NHlKaxY,608,30
FVovgX73zCY,70,0
FZnACwukAeI,582,44
F_31H_o8nss,491,0
F_La9J5Lv2U,2355,0
FbRRdCU-Lw4,405,0
FbqMH05ZiRM,317,0
FcMF02oc-Cw,1473,2
FcdFASrJxug,5,0
FiDU3CUyqT4,2022,0
FkwMiqm6um0,46,0
Fld_whm4TZs,5760,0
FmMmHqDdzdw,1281,69
FoIlgpP0sSE,612,0
FoVud3zWeDk,616,0
FpYPmkfynIo,1028,0
FrcXox0sj2A,726,82
Fsa3FNYhHMU,11,0
Fti19Zk7xho,4,0
FyXXY8byfec,3326,7
G-S-mjXKkCc,39,0
G01D3sv8qXU,997,0
G48bCFHbc58,10800,1
G4mwgg3veu8,1645,0
G5kHmGCftjo,37,0
G9l5AO1D4To,12899,0
GCTSrtF_3g0,79,0
GCi27WGhdgM,79,1
GDw9_kIEDaY,1798,24
GGNHP1-yv4Q,534,20
GII0hr8fyZY,246,6
GIX_NtjdYaM,3,0
GIo5NUQrp4o,14138,609
GL5XWUpYnEs,123,0
GOZIUHi_YNQ,15057,786
GPB1-DT3b0Q,364,24
GPSvy64fdzU,458,0
GSjxR-PP594,237,0
GTxkmTipXLc,117,0
GUhLwYbN1ZA,733,3
GWgiA1PFnDM,83,4
GZaaUiqSkwI,2065,0
G_li-ZsZ-Dk,395,24
GdW2bKNNl1c,105,2
GfBzPjQu-MI,105,0
GfmrRqkLvEA,396,0
GhPpVxfh65o,1479,0
GhkNVuet9UE,100,0
Ghq2m-C_bqM,145,0
GkB3IxcZFKA,2705,1
GkbZSb7HLGo,710,1
GoJziuipjAU,62,0
GqmQ7_ynreI,229,0
Gsp7pFZcTxw,33,0
GvfuQdlEDHs,251,0
GxcF0hv4nCI,2245,16
H7oUO-My1vg,11957,27
H7y3wjhoAlM,101,0
H9a3ix08uYA,582,6
HASdrvZYSwI,606,0
HD8OJ_uUPrA,513,0
HEpzPHkq1o0,62,0
HGLLkwiblag,1755,4
HGghB1kvRUk,1683,0
HHAFZH7Bn-U,120,0
HRZ3ntVGMsY,506,1
HRhBqZLaF0s,53,0
HThlG14AKns,492,0
HU-IFmXqoUo,1240,0
HU4O9HOfZYc,2637,110
HVjt-L0CbOU,208,0
HXNbegvRNvg,12078,354
HarTn81wQNg,435,0
Hj_paijhdUQ,100,0
HjjN6_ZEm6I,657,0
HnZn8muOnZw,2953,3
HoujXZPtMx0,4,0
HqeRgPQkkZQ,184,1
HrBxgqNfxnI,2416,0
HsIqUcZkc4k,931,0
Ht9yXuDvA1M,474,0
Htp9Elx6mBo,251,15
Htv3-nfz78U,1112,1
Hxvn7HmUJm0,173,0
Hy08nQ7tGqQ,11,0
HyQni0QOISM,124,0
I1QgOOM_vs0,2331,0
I4r0r9_twIo,1532,73
I5OiZDMQpDg,540,0
I6S6KLwlED8,44,0
I6mcMPoOvo8,560,0
I8_W9Lz0VcM,359,2
I9GJve3M164,3026,0
IFQ6vxYNAKQ,5,0
ILguTznukyE,847,0
INnwBYIfODE,1160,1
IO5VdhlNfrI,653,0
IPoX9QcIBcI,11247,320
IR7BIGeqHaI,3350,28
ISvn0UD987M,1121,0
IVHJxNAPc3Y,2116,0
IY7V8fEYFP0,3560,7
IYJhF9coLX4,79,0
I_GZQtVwR1A,343,0
IdRhqSiHNDg,10,0
IerkherNYyI,7723,256
IewhVY9cAmQ,3,0
If77QwcUkNE,15,0
IgVPx5__VtU,14,0
IgZQKPyfADk,3514,2
IifhZbUqyPM,138,1
IpT7J2DdTK0,238,1
IqgGNvstkEo,1079,0
IzN5bjH4uIc,4056,86
IzoegpP0PSw,1046,0
J0uygT_rd2I,81,0
J1t25cgk3No,477,11
J3VcZ3nsQDw,27,0
J4aRcs66Nlo,10801,1147
J4wNwyzbbW8,67,0
J5Efezauri4,329,0
J5I00p3KqvE,5468,232
J6hBgqRbTc4,60,0
J7baXzIVmyc,318,0
J7j2e3syH8k,528,0
J7xvMuW1Yuw,589,0
J98fNAePpvk,227,0
J9ANw0WXiDE,923,2
JC3I_tyMLf8,126,0
JEn4EFNKi4o,1280,2
JFV5Eqs6fjc,23,0
JGbc9TYf2uo,1,0
JHPA3MVxABQ,643,0
JQwS_6i_xck,94,0
JRHgjyk5DO8,52,0
JRKGOZPLmZQ,202,2
JUFWMlX92uc,809,0
JUNsMqN6bb0,1334,16
JUO0WbUuXHY,198,0
JUd6IFnEoFg,23,0
JV8-B23ZkIc,51,1
JXWpqEz8UYM,62,0
JZbu3AZ5anY,11064,79
JaLIbBtkjJE,1873,0
JbBVkU5wuGU,938,0
JbePIzLoilo,1850,0
JcQNKYFoYpc,6466,1
JeAqM1ymJTk,121,0
JgEH0tAc5bA,317,5
JiZUGoG4z6s,1887,2
JksGxAdTA8E,83,0
JllWjYkUhZA,105,0
Jm8HPBqQYsE,1519,202
JmNUM7rtoe8,1648,5
JoeGleUS4yw,4744,6
Jrd_XlvLBgg,171,0
JvKn07DCktY,23097,35
JxmjZ-BgGWg,4354,0
JzFtgxiL9Kw,177,1
JzeMCJ2bCO4,935,0
K45Z9klesUY,2,0
KC9TmTus1Cc,1629,1
KDluQ0YVcFw,536,2
KEd8eFHiIa8,5,0
KGE_hSZTm6k,549,0
KI35yj2nErY,1042,0
KJ0RdfuAvOc,103,0
KJ6c5yfyVGU,15,0
KJR9MfRFFjw,273,2
KK9aHCQXSXg,571,0
KKxkQzf9kjg,7,0
KLA0huuV7ho,4431,12
KM5k7GVr2xI,41,0
KO7gPHuXjsk,852,0
KPQkb2AuXSw,20223,0
KY2fn0f0bvI,69,0
KYBPVgADsSM,997,0
Kasq7a6oIXw,4,0
KfOAmFQOMsM,946,43
KglwdFJ-PiA,535,0
Kh7FfWTUmP0,305,0
KhixJPwjoHM,182,0
KiIc54yyktw,4081,108
KjylNGo1its,322,1
Klim5qgKmac,12033,2
Kmlq6tco974,1416,0
KmvunH382Ro,17,1
Knljg5f_nGo,261,2
KqqnqqtSHyU,524,0
KtRyftCARrY,909,19
KvJ6FVr7E7s,1356,1
L-d1taEcDYc,187,0
L44aiNl82xY,1992,166
L46ezMsD3dk,193,0
L4s5-pXI6D4,374,0
L4vPKjRDoWk,452,4
L5-z_wGFthc,444,9
L5ihmu87xTE,10950,231
LCp6b12bRW0,31,1
LDGy1whwor8,32,0
LFlyELZqdGI,100,4
LGdM9mv65fU,46,0
LIIyCYY2GKQ,949,52
LIV9HM5Yj80,410,26
LIkcJGvqOKA,4322,1
LJ1RLRArX_g,634,0
LJFUSgxAi9I,630,7
LLcalJBY6PE,578,0
LPAPMznGwps,1503,70
LPIV7QtBTHE,2077,2
LPYkbEfxq-8,85,0
LSUuQfQDXwM,447,39
LTjmeJmRZsI,516,38
LUeLQVee7TU,24,0
LW7Br5RC9Cw,215,0
LX4UWfxD9cA,353,0
LY0Ll7LRYDI,5337,2
LZ0tOR1kvZw,37,0
LeKOb1_-13I,2683,1
Lf2HxzeZAbs,332,0
LidgP2ZL4Mk,23,0
LmC5qGs-mSc,326,0
LmkKew96-ZQ,45,0
LnQ6FBVMfPk,70,0
Lo0rzLFuUbw,294,0
Lp640JUPC4A,1380,0
Lr4FSwSRuNU,983,117
Ls0_b1iSLWo,1287,0
Lv2ehiy6M24,1459,47
LwhXGQqgE1s,1628,0
Lyn10sq6PIQ,245,0
M-Oty0Jwrfk,19,0
M-s_b9VjyWg,826,0
M7Ra95j-Qsg,124,5
M81Y2WZ7Eks,119,0
M8B3mriYut0,10,0
M8f_bODYpWM,1369,0
MBF1R8TvNLI,74,0
MBT6hPXmJTw,2199,0
MDSas9sqbsc,440,3
MJBfcMZ_s6I,412,25
MJOAuxQfbLo,586,0
MJVK5uwNKjg,200,0
MPmYt3p6VcI,2625,0
MQN9TCsrJGA,120,1
MRdjrTuVkaI,143,0
MTePIcoeZD8,72,1
MUYOcTZI2LI,335,0
MUui_V88zyg,267,26
MWAbLRgDrcc,953,0
MXOIwaz8tO0,2658,0
MYEqh26FR14,2477,22
MYFFe08ykcE,80,0
MbcPCSkIEb4,2802,7
Mf6EWX4ALJs,5779,158
Mkt5xG_BhKU,917,1
MlnRO2FwojA,3531,6
MoH7iUKjMGU,97,0
Mrju-UXhNZ8,689,0
MtlA0wPm8Vw,489,3
MwW-fKMNAoQ,365,2
MyLfCOOYzfY,4153,9
N5-TzhRgYaA,7,0
N7T6sTZTVNQ,218,0
N7bZnK5mAFw,126,0
N8cSsKNZKzg,533,0
N8velTiWszQ,227,0
N9s-skojKqw,1265,1
NACSooVvSbo,803,0
NAo5COYVFig,1630,1
NBMy2w7To-Q,400,2
NBc2HxEK1uI,46,0
NFcFN3M6PyE,282,0
NGTtl3jyx34,1368,1
NHT23mMhsuk,61,1
NKc9sIIKdyY,203,0
NPb55ZQquUc,511,0
NR-yDEocnxI,6800,27
NXTDar8ujXM,1095,3
NZ2NMWURxfw,235,0
NaGBylWzC-0,844,0
Nbp93_Tz50A,3734,57
NbsfS253LCc,1383,0
Nd7nRljkC-U,2265,2
Nln3rfHjvSY,314,0
NoY3XnvKP7Q,3,0
NqQ_z5Os3sU,1083,0
NrfmSeGah1Y,4965,195
Nx-suJ5LfDA,3474,1
Ny9knUMdznk,560,0
O-pgfAE5tWc,3174,47
O2P9eVV3sws,59,4
O3CMKm706Kk,38,0
O3d5JQzWnq4,437,7
O4jdx0CzVZg,632,0
O6J53DIXjIQ,196,0
OAkbor3fB7o,114,0
OBBga9QZUeo,42,0
ODk2oXxvfnI,248,0
OG3YQ-UL1W4,3628,123
OGG5Q2Vj4Ms,2913,199
OHcVG8RrIM8,2671,0
OHmtS0CErV0,231,0
OJ8iIxSxvAk,401,6
ONnkfzFeMjE,93,0
OQpYuewP_B0,484,0
ORifjxPzkig,100,0
OX5B-kHZGgk,7815,69
OXChhdh5W_o,89,0
OXJhvhNNHWA,7612,172
OYKDQS91iJc,401,0
OZlaaNrFW6Q,115,0
OawxDyV_Iwc,93,0
Oe8ASh0d9a4,321,2
OeaDxPqaKnQ,2803,0
OhYHCiDr_s0,571,3
OjZsDfIMLm4,5261,1
OkW4hkyDd1A,1408,0
Oo72JacVFbE,1645,1
OrjxKOilrAM,339,0
OrlNEKHo2gY,516,0
OsEZAK0OQVE,514,0
Ot6j_qqYQaM,7450,351
OtgZ79U3tx4,224,0
OtuyLWn5gCI,2952,510
OvTRKe27TAc,10,0
Ow42x0Zr6kM,7707,0
OwsIaQbxDrk,11,0
OyLWTQRaWpY,380,0
OzDQHTIEqFw,8397,0
P0QVCvXvNcE,19,0
P0WnGTZl9J4,454,0
P6ONMS24-aQ,573,0
P7-LX6-e9mw,76,0
P7rCuFx5XF0,1660,0
P9JYAYrGX10,794,1
PAOlUe0Z7bg,3714,0
PGPxuXKCli0,35,0
PGwEaFMW62U,103,0
PHuv2KpHwjA,2191,2
PIBWtRvZY2k,377,0
PJ7NwVvsZvo,593,0
PL6pexxN-8A,65,0
PLUhJmqHd1s,30237,1306
PNa9we5QKAw,469,0
PPU_r3bz-V0,11148,3
PQ0sfqww3z8,185,0
PQMzAOaug4U,5307,279
PQXlyKXn8DM,5202,253
PVaqWhJJ38I,963,39
PVqV3cSIWnU,13012,168
PWqdqmSrONM,309,0
P_J9JHWC04E,10,0
P_aKx0CzxUw,6,0
Pb0ec-ZOALs,457,3
Pb8qmpcOByc,5619,73
PdFsqPaHuHs,212,0
PeHvGzdNb9E,120,0
PgjohadyMGI,318,3
Pl7FpLlWfX4,6907,1
PmiI_up0G2Y,1282,116
Po8-0DishiM,146,0
PpKzgZdd7co,2153,0
Pqh3L-Ytnhk,307,18
PqvcQ3MAnJA,92,0
PuBbco_SOKQ,1344,0
Pw0Y7SiRgms,277,2
Q-X-dS_tfyA,5255,0
Q2CVFDMAo1k,145,0
Q3mkjcdGlww,505,1
Q56PMJbCFXQ,13543,1325
Q7Ov245rw6w,315,0
Q907CxJuqd0,62,0
QAwmfO2VRXE,1107,2
QCAqiTH6B4U,2087,2
QG1i1OoEUiA,3737,1
QJphVD6YSKs,296,0
QLI0XOFpK0A,7880,459
QNjo730Lb9k,4482,86
QNzGYBvQDAE,45,0
QQrCTSqj1hU,709,0
QQw_eox2sDE,2915,1
QT8o7oPdmwA,4,0
QTeTrt8DRRs,2556,57
QUGQNS2vT8E,12787,228
QWTgsZ0BVh0,588,1
QY6jj6-gcM4,101,0
QaX3HhztI20,136,0
QawCpGpsL0Q,86,0
Qb8PsrzH6ZE,1220,1
Qf8ntUiqI_c,1599,0
QfVIHNwC83I,53,0
QhngKLkzSZY,164,0
QkXGlhbgOOI,140,0
QlYrbEg3dys,181,0
QnmISKNI73A,1083,8
QtwwiGfDCpA,164,0
QuU1VW33ei8,51,1
QuVLldD4JHw,115,0
QwCwBJCysD4,791,0
QzMeLM3CYD8,1125,0
R0Vf0hTZraI,87,0
R1g1ia3MP8k,1720,0
RBHEbYc-DNU,1348,0
RBaM3O9U4_8,1036,1
RBwzPzJNmUo,4734,0
RCf0b8ar2AM,1690,0
RE0t0F9vsfM,281,0
RLQuxi6oTOE,2275,128
RMepSAiHnPU,115,1
ROvIIM4Jrw0,2419,77
RZM8QVbxlbU,1845,2
RZsYOEcTUt4,30896,1
R_L24LH31So,327,0
R_M8qbZOtfY,1248,1
RbsXn0_Rbz8,401,0
RcIRFRP2N9U,16342,2
Rg0vdau4unM,797,0
RkcG_k0GZ1s,2,0
RlJanyHixGU,4768,1
Ru9YbDGan1Q,128,0
RuktBDk-am0,69,0
Rvv8gG0LfbA,656,0
RwM_CQ-76m8,2929,0
RwzFUTeOGQU,902,1
S1aFzm-Ivqc,197,0
S2LKKnf4riw,1143,74
S3i9By7--lU,1257,15
S3xsAgntv_o,443,0
S59NnFgnQRc,4725,298
S6xxmLjD6oM,1326,2
S7TUe5w6RHo,23484,1528
S9QmUlosYyQ,130,0
SA7qI2uf1g4,508,0
SBkOvpwMpTw,286,0
SFu8U7PPqwg,55,1
SH_8SrN3yXg,246,0
SHx3ySVO-2I,3576,0
SJD8asQ2FC4,159,9
SL9zqewyVFM,403,44
SR6TlwTwKxo,566,2
SRXH9AbT280,89451,1757
SS48SMoosnI,158,0
STwgG2si9kQ,6733,146
SVepW3f_V-M,2142,200
SWYCrv4k34A,59,0
SW_6o676N5k,114,0
SXNTdJaEW3Y,149,0
Sb2_zbDa4fY,138,0
ScG-H0s3ptI,7781,0
Se8ZXbLJUPI,119,1
SeXf8x4kzMQ,15288,215
Sf9p46vmx6U,802,15
SgY0BIN5knI,285,0
SlfQQOrXKq0,1089,1
SnQSMxXTBTc,1876,4
SorGUN4cfSE,5757,0
SrW87pqEfok,128,0
StnNnQba7wg,244,3
Swzbs2G2vdw,71,0
SynuCVu3bbA,452,0
SzMwY6PqzeE,871,2
T-1HlLCVM3g,161,0
T0BL1-y5OyI,1270,7
T3nq5iJqBFk,4,0
T5khCSD8N1E,381,0
TBE7kiWlBhQ,358,132
TCl9gbannUA,334,0
TDJxuihYGVQ,126,0
TEOIg-eg45A,119,0
TEm7wqVMrfo,1020,1
TFfJUjLAODg,1297,5
TI3HS9EgWCI,62,0
TJDcW4jkefk,889,1
TKPef9VGrEw,602,1
TKXBNZpNqaE,1375,0
TLpWKqpIUNY,12171,25
TR-Nz5sNSN0,91,0
TSYGi_HMims,614,1
TUDoGfZP1W0,51,0
TUDuQWbBsNM,261,0
TUhOg-tOxlE,571,0
TV80ZrwLepo,19,0
TXELl_U_h5Q,968,0
Tch49IXEyWA,90,0
Td8cVdNlOLM,158,0
TdUr4hMtoOM,857,1
Tj9RbWuDic8,976,0
TmoRjoKBJV4,14,0
Tpg9n8tzeu0,3353,768
TrO8mWPGijw,4312,0
TsPXSer2GWg,212,0
TsU5Zk-yvq8,6864,128
TuZpmKmF7Ps,468,6
U01QDLzEauo,3,0
U6Vib0I-p44,323,0
U6ltFDHju6I,421,0
UAtke6inmuM,753,0
UAwUfV3BzIo,271,21
UCAuJUcxg6U,487,0
UFHB5LQrtBQ,1739,1
UFyMQcvX9sU,120,0
UG8_vmHikYw,9,1
UGqSKinEmkU,80,0
UKa5FiZPcws,51,0
UN4OtAb1Gho,1084,0
UQQhP4w6VMA,2760,127
UTowBo7kD5A,4,0
UV_-Hcbipn0,30,0
UZPeGPbqFTA,379,2
UaG723EA8m4,1800,1
UdKqbRBEyg0,133,0
Ue1xJPB6yzk,953,4
Ue8aojZiYcE,4699,1
UfeSVc-CHV8,441,0
UhUnWD_KrHU,32,0
UikzQMDs8hw,271,0
Uk2eJJe-Jhg,139,0
UlGG2eB6GnI,962,2
UnQYzFJbrUM,1963,0
UscfFS6GLmE,936,0
UtTGfgvXxZM,123,1
Utrv_GTW9Ew,3649,0
UtySjArq-Ag,2,0
UvGr4GZSduU,425,22
UvzswQlJjLo,1995,51
UwidztZ3ggw,520,0
UxXeqbiDMxg,42,0
UzWscJtF7K4,108,0
V-Mvr7GtYnM,11,0
V0fFuPm-BTA,507,6
V26XJi4k_dA,1794,0
V2KlEW1dx6U,5,0
VAQ_FkKBlok,35,0
VD2y6OGJ58s,274,0
VKQhtIUfKiA,585,0
VMuZuUjpGC0,156,1
VOvQ2Z5w3gg,1702,0
VRBBQ-B4q4s,5035,97
VSlfs3s5mtk,30649,656
VTPV-NZ6eM8,1549,217
Va4hStNHOBc,21,0
Vb6TRd-AdEg,36,0
VbWpV38Q07w,903,0
Vc6P0tuh62U,255,1
VcqyuP3_cvY,1581,0
VdRkOApFkX8,297,0
VeUXyJ09MeY,3473,13
Vm8LpvbVYEc,313,0
VoPn2ww9cQw,8,0
Vtv9YTiPEjE,167,0
VvWu3zcZwkI,138,0
VzTh8ndBsU0,31,0
W1Z3niPY2rA,2653,0
W35SfL1LKs4,211,0
W3HFIhKQgCw,73,1
W3Xw-wDVj5E,15198,6
W6L_Munamyc,645,0
W857Py_wB-o,1358,0
W8iBYMd0iUk,248,0
W8udYbdYmxs,912,0
W9VKWBMN8m8,1124,5
WEFTnT74X4Y,315,0
WHTzQFkZy_U,227,0
WJH0O-BO4Mo,383,0
WKB2bhP3Kgo,4759,94
WKSOjfJ38LU,2028,2
WLDFRAV6cao,305,1
WMqAXKtNNGA,4018,6
WP4G-KgTIQA,1344,0
WXD50gL9V7A,771,1
Wc5q-eOwgFY,121,0
Wd3Hlj_Hx1Q,1576,77
WejXfLIIxlM,3538,1
Wf0FexGs6w8,40,0
WgFpvOHySJQ,2206,0
Wi9eVnFw5k0,47,0
WoC9tMlfYK0,54,0
WqGbWOl1000,70,0
WqchpRdrMpc,1,0
Wqoc8LeY6Zs,154,1
WrB8xOPIiAI,514,0
Wroztf0rvxg,6,0
Wt1Xoe3tkdw,5936,1
WtbfFFmpSnc,1616,1
WvJEOb79GJY,254,4
WwwjYcJnIoA,4265,0
X-snAjCVy9A,1400,0
X0rg7mZZtIY,264939,4
X1E4RK5KB5g,1976,4
X6SP-bknoTY,22,1
X6UXh9g02uk,2822,0
X6l4s2BZNEU,100,0
X7AHzKmccPY,76,0
XAaq8S0LWDs,2863,0
XEx0emhyTS0,6768,0
XH1GKs0SG0E,1530,86
XJk16VjZX0k,4988,1
XLA-VWBrXyI,83,0
XMR9CMnjI64,5,0
XMsNfpbvveo,925,0
XNlQQxJ9uzg,2,0
XPbsLEOS54s,3477,0
XQhdpp0fJoo,1444,0
XRKh_LKdLsQ,2062,91
XUP23K1I8Xk,4375,172
XYCfgdfxGI4,795,0
XYNJsXJjtvI,59,0
XYSvKkslu0Y,1149,5
XcIXuABCss4,267,0
XdGXx1W3A8E,4337,132
XnFolyjiUQ8,875,9
XomZJVk_S5E,280,0
XqZr2yFjIks,16247,2
XtEK-tWTIU4,120,0
XvbviFBnlik,100,1
XyuaJpFEzPs,776,14
Y-O7gRDOG7Y,94,0
Y-P6yWvKXic,157,0
Y-W0sb3risg,192,8
Y0dhfX0NCHE,414,0
Y1GyACIQlJc,24,0
Y3_hzmAKBdE,62,0
Y6B7_hZCqlw,103,0
Y6o9_5DJIBI,5731,340
Y7CUTsFus58,797,0
Y9_ieI5gWiY,224,0
YAaiEq9wUsM,1951,26
YET2ELa-Pu0,1523,89
YEpM6fzo74g,171,0
YFqE8p7m88s,14942,97
YHOD5P8vDtk,46,0
YN4J1_mtRSk,4311,1
YPBuRy0w60M,654,0
YPelNSGodek,559,0
YPxo73o0u_8,246,1
YQ9RiAXed8c,666,0
YS0DGi1qZXw,3526,1
YSKmUslvJi4,941,5
YSrvugKwffU,386,6
YeoSatJIcnI,155,0
YfrDz7wzMow,386,0
YgZjZQWTrVc,58,0
YhlVac861s4,51,0
Yj9JqnSmPSM,1218,86
YoH-56JnZU0,3,0
YqVIUMIH3Ec,53,0
YqwPhsYmCbI,45,0
YtiT_ehHxds,116,0
Ywvl6kt-cck,136,1
Z056mVUQesc,1513,22
Z1QF34i-ml4,9,0
Z6DycgCCMnE,261,0
Z6i2A1fBOqs,1862,1
Z6zTN8cRKag,1141,47
ZAH_DoUYMX0,2928,0
ZAw03mJNoZA,896,1
ZBaW8PgpqGM,712,1
ZCg_uj0Wamo,373,0
ZEhci72o8nQ,1349,0
ZIBqjIGqLhI,152,0
ZN4JgsrqcuE,1135,0
ZOpQmw-c2KY,2621,94
ZPnmzwL9i5U,95,0
ZR6N3dfVbaM,36,0
ZRohj14wz2k,2705,0
ZUmr3Goh8FI,1085,1
ZUvcQjhEhDQ,325,1
ZXBu_RZB8R8,16202,2
ZbCSXfHlD48,1234,0
ZcM82ZTy-1o,4109,5
ZgGB9kbtZVQ,293,1
ZgnS2EifrLI,280,0
ZgrodNIK9ow,212,1
ZkaiNoWhyVs,153,0
Zkvza2XROfQ,327,0
ZoBgy08HhbM,60,0
ZxiF-QYyQN4,378,0
ZyUuwfMjku4,4481,0
ZzBTZmo6gBo,31,0
_18xkyji3lQ,3,0
_1Bda-NJX54,1131,0
_1otJBqcYx4,1001,0
_3UDXMne2no,756,9
_4xTQk-NS30,284,0
_54PWmYMlew,40,0
_6bhSOweeMU,24,0
_8QO-oR9NOw,1722,6
_8p6YkEPVco,4905,438
_BGK-Rxjbd0,23,0
_Bt7XoJ7VpU,956,2
_EWYlaUOhSw,148,0
_GpYWnWlgkg,1533,0
_I-8TM3WeVo,156,0
_JEf57t1pqk,780,0
_K8ZfMfaY6c,985,1
_KBMrGy9YNQ,95,0
_LOcONd-hes,624,0
_NaeF_ABgXc,553,1
_Qo0QRaA-YY,86,0
_Sksvfupk7Q,42,0
_VE_wDDt-9I,561,0
_Z6QZZ0uwbg,8,0
_b-hGsh-NEY,169,0
_cf7m39B3VE,91,0
_dimLa5XpgU,247,0
_dudfHF25Gw,357,0
_ghwoqOrQaY,1641,2
_jz_JdVBFVc,313,0
_mPYU1_iBD0,449,0
_mdLigb3oSI,1673,0
_ovl_BDCvzs,375,1
_oxjr265r78,1994,55
_rqFS7ti4Xk,134,0
_u40xGkxWaA,26,0
_uJPx0k7w-M,299,2
_xD4MjjEWsE,10299,751
_xopTmhcpEU,1286,0
a-81uRieVR8,1894,0
a-_76XyOhf0,8100,0
a5RAx7qNaAE,68737,7
a7rBmCKWWYg,1818,0
aC8M4FJtzv0,284,0
aCdu7eD3wgI,124,0
aIu5PPMqQqk,492,6
aK7u7MKEn78,8,0
aNrxrgDE0-8,400,52
aP4NKqMj6uQ,276,2
aRBLV6qVkQU,184,0
aTLqlwjXlQg,496,0
aTms6RKtJoA,650,0
aZnrXW8JmPI,68,1
aaQLgU1cQis,4800,145
ackrU2vW0Io,1170,2
ad8HISRVxF8,233,20
aeaQkZkm6vM,1021,0
aeqKnS8wqmA,246,0
ahXcgIBAu58,569,0
ahxdAsclzGo,1780,329
aiLdjEtsz6E,11592,0
alS0hvRnQnY,190,0
aoUFwg6VVAk,946,39
aqrYmv24M0Y,457,0
auMhttucgFU,543,0
auvogvGyPkY,103,0
avUEP3Pw-wE,773,0
aw-rFW4fxdI,441,1
b2T1YXOlGz4,174,0
b3N12r22k5A,444,0
b6AIGYveegM,203,0
bBB53AaE1KI,609,0
bEbaoiI3MSM,1571,0
bGOsHjpZJMo,320,1
bGZTakKSDcc,507,0
bHAJX66womo,1198,68
bIo0jvZD6NU,146,0
bJsZlR3ef48,15,1
bKsLZiYqhoU,6,0
bLh2POyGc3E,233,0
bMmKXPv4Uus,3011,0
bMq4OtZTigk,3547,304
bNaQVRr8Qyg,344,1
bOp_K90uAHY,737,0
bOx3v_pXKBw,286,1
bSfvc2YfSJw,263,1
bStIQ9CoMlM,645,1
bVk4i_PYxug,899,1
bVsRK1AbDaw,2578,0
bXgqFGKtvX0,358,0
bZOc9-91NWs,626,3
baohjx4_nxE,128,0
bcH749HeeQc,355,37
bcJ3IypbRgI,240,2
bcof8LLMMAI,318,0
bfvtdJzBXb4,14,0
bg_sQbBzey4,21,0
bgq2xHDPnsg,333,0
bkp1RMnVgbU,7606,35
bn5BDbrN2Kk,158,12
bnD6bf0K350,4578,208
bp3vPm3cWsw,85,1
bpJMDD-NeEE,372,11
bqLSg0r5JLw,1080,0
bvjjpvi1ouo,22,0
bybxOpS4-zU,115,0
bywe70uLvDs,2436,2
c-sT7H1BkEs,459,19
c2DMXIglbao,698,0
c3dRiSdVSd0,100,10
c3jK48Hy3u0,6742,86
c6GmmyuNkbg,137,0
c7mfXOSInK4,125,1
c8giNEKxUDs,175,0
cCJcmwRx2DI,338,0
cCwc_8u_ofc,41,0
cFqlucodi6w,801,1
cG-ke7i1bzA,530,0
cJH5ayaLBrQ,294,0
cK9HHnGpJhM,339,0
cLPyp_ReQBg,292,0
cN5i4qx5-ro,231,0
cNYOK-r85B8,1608,143
cSz-Sdu90FQ,473,0
cUltPugrEGw,2991,0
cdR5zHJQQ_w,372,0
cdfVa2gwfG0,347,0
cil1yUb174c,1564,0
csLlAe6axkw,1361,0
ctFnQs215JA,452,0
cwgIyITKpNA,148,0
cykxC0iJ5vY,1043,0
cyqgRCT4nuY,54,0
czZQLjy70u0,5,0
d1nnPxgY0H8,256,1
d39MxOMCsOA,676,22
d49zVgCtv3M,25,0
d4ueUf0UwUU,1177,2
d5L7BpLKEG4,33,0
d6T5g4BZiQA,3840,1
dEDqatLYsSE,2694,0
dHBnM_H8-uk,334,0
dKBUEbUBsYw,50,0
dM03P2symGA,256,0
dOA99aQs58k,4437,10
dP6ZaOhWMt8,179,0
dTIoPI6KOxU,1012,0
dVoNa2x4F9E,1211,0
dY_TgXgzflE,408,0
dZnL5R0pW0Y,1306,0
dZv6R9sTU1c,13583,1
d_5aFyb92bc,4668,40
dbXsmv1rqKc,5532,0
dcCOU57UXJ4,235,0
ddgU6PVJfFU,1801,0
dfvuWGnQsSM,146,0
dhCh59ZAZgA,807,1
dlYkzh7v5I4,200,0
dpNzVcNvvOI,677,3
dq_IghOzc-4,1066,0
dr3mFzh0KSk,11198,718
drRuLK8Q_3Y,1961,10
dsYfjywonVs,177,0
dvBGOWeyuiY,9575,417
dzAVL26buAc,108,0
e-RrWccGVxw,184,0
e0V2IkgAIk8,93,0
e1GcT4Ki7OE,43,0
e1ccK8wKGqc,953,1
e29mUT9u7Js,383,1
e2Nw5_kDv9w,1236,0
e6bgdpqk5HE,1587,92
eDHXDi8TSSc,1058,0
eGHYfBLkZU0,472,0
eKrvTu19cfs,277,0
eKs-7bZwK2A,2180,0
eLtu3fwrBdE,1418,0
eWqBTAYa8h4,456,40
eXcnpCzI4to,578,0
efhLejpiMEI,61,3
egmIfyxtXAc,188,1
eiIn59uhF0I,934,24
emERN4ZsdNs,96,0
eqHikoQ-kcw,38,0
eumqgM3k6hE,2787,0
evtoG-4dLM4,5483,68
f-I9PxTX90c,1842,11
f-UqeVbQMEQ,5604,0
f2tFSGOYISc,9274,2
f3WFSL36oZo,40185,1597
f4-l7r8jvvk,7858,1
f64Zt2e6s9c,112,0
f6SlShUZp6k,432,10
f75jLiocp68,758,1
f8sRbKyPnZE,1099,8
fG9qXDhqTL0,138,0
fGS5s3GPAM8,1433,0
fImsvWV-rko,1684,55
fLBkQtAufFM,346,0
fMhUel4vvTc,53,0
fMoiSjUJIVM,2593,0
fNq2lZuevrs,183,0
fOAIrUZbOwo,14596,534
fOQ3rC0N7mw,3861,1
fTwHz6xOdOA,173,1
fXUgZ_vNtD4,1005,0
fbV6sFzkT8M,1521,0
fe0WQL9AjFI,540,2
fenH2G38MRk,346,1
fmLamdOhuBY,107,0
ftmE4QjLDmk,4472,50
fxoNY-R_1VM,755,1
fyk6vjwI3wc,21204,623
fzZyrDrsBRI,145,0
g-nHKfbVz7o,101,4
g1KvabVYGng,446,0
g3o1AYDFmpw,212,0
g5ngYFVL9AA,1103,1
g6dtrtKML28,829,0
gBBKLUkPf9Y,295,1
gCal_rHmvZU,1039,0
gDIBMy4JoLc,44515,576
gF_d2RMQ3Zs,296,0
gGP_tf_93t4,818,3
gH-_9OmosdQ,1475,0
gHRP5-vC4XQ,2263,59
gIyFshmQJ1w,6485,14
gJd7IMYqCYE,311,8
gJzckMMz_7I,692,2
gLihxsmI_OU,6042,526
gO9Tq6FlhDo,104,3
gRTboqWNmyQ,1418,0
gV0bfWyE2pc,246,0
gVIwVFYGqzE,2810,0
gVS7aR-IWMs,183,0
g_tc8Niw6jw,186,0
gazCskdpni4,902,2
gcO6GiC4nzQ,1223,1
gdoruZt_BPA,26,0
ggM9_BU1VPU,1595,109
gh3v4OPGGbM,171,0
ghTw_VSBErA,507,0
gmi9gJyZibg,605,1
gnV33gZV_U4,41,0
gu7zjr46EAU,1667,6
gxo8GjPo_Sg,6,0
h3T7h128YF0,592,0
h6Sos6RU0c0,201,0
h7KzphrghJo,1216,1
h7WZ8Bz4tbo,117,0
h8bANkJ6sEY,120,0
hAGfU5yhcFE,38,0
hEJtZaOLcgQ,157,0
hE_Ff1GybFQ,5345,0
hEiqS5ih4HI,2239,0
hIHpvtNGGSE,452,0
hVPx0x9_f3U,725,1
hW58t74zUJk,342,0
hbV2ewCrMW8,89,0
hbmsXKuHnCk,8235,4
hdYERMUMlaw,1395,1
hgBoCUeBLBc,562,0
hiBT7YBRSkA,240,0
hjYiKPtt7J0,174,0
hkKUe1it5n0,27,0
hlkSCX2YGFI,881,22
hm4-cR6Jzis,2654,12
hmKJnFCI9A0,1259,9
hoAWTZTg54s,18,0
hpAHmy5ZuHc,312,0
ht9fG0-PLVQ,1190,94
htSPu9X_O-0,369,1
hw7pXb1Do-k,685,0
hwTamqAitRo,189,0
hz8m-hWjwKI,178,0
i2TA4DFZt3M,722,0
i3mSMQoOAX8,1081,0
i5AU-Efj3-M,14718,0
i5nF4ukLmuM,4062,2
i7ZNzD2hbh8,47,0
i9i-EKENf-M,61,0
iAVJ9fldKHs,74,9
iAznPfuv6vY,577,1
iB6Y5TL4QH8,2793,83
iGh_WdMfn-M,338,7
iHiZc3WWWQY,20012,0
iI95aOA_ANM,115,0
iIVCC5cXa-c,1371,48
iIXdxevwUhs,16,0
iMLLR2fkvAc,390,0
iOFLQ4fYbdc,1383,0
iOzH9Lttrww,665,0
iPy5QYQNlS4,2,1
iQ3e5hScNzg,17,2
iRDKYYgynW4,10823,3
iRiSKVwVSCU,799,1
iUi3pE1FElk,1504,1
iawCzGEbxs4,229,0
ibXMQ4M_pj8,3058,0
icBljlwJTLU,175,4
icVAZuYWnp8,523,0
ifCI8iYEbGk,2975,0
ik6EhbtQxxU,4694,0
iqmT3WW6uwA,108,6
ivkwf6boyI0,284,0
iwy8c60fi4U,4531,1
j1Gp54dDq0c,221,0
j4YLAOeMJwE,723,0
j4ayd6mTz_c,1467,0
j8pNPQXHTI4,1184,0
j9p_4eaOA5I,75,0
jBIc1MHPl3c,3,0
jF_5U2LIg5Y,3205,70
jFeRScrJlMs,586,0
jHIJNHOOEvA,1636,125
jIwNr_x90pw,251,0
jNF331qgL6I,156,1
jP1q8TUmNV0,254,0
jVe8bhwMRKo,263,0
jaN-o__2Eeg,4155,10
jb9tBBL7uRg,484,0
je-dx7O5Y7k,877,0
jiSh8Ss4OCY,566,0
jjDEccGJmL0,709,3
jjcNZjfwPsI,142,0
jjhuAxRF5zk,2004,0
jpleDhuQzgA,45,0
jqAzrdlhavI,168,0
jseq867D0O0,6832,463
jtu2NE1yPLA,100,3
jv995-wPae8,214,4
jvVyPl4-jTw,1361,0
jwih4eMNAQU,24,1
jz6aRglzyZo,2227,1
k3thMiH6yfc,206,0
k5RSY3aG9ew,2341,1
k7A5IziDOTk,81,1
k9S5ethsq1s,436,0
kAXUWGczQdo,844,2
kAaKFvwRoWc,554,10
kAqXeBqgqGM,88,0
kEALNEN-67E,1995,3
kGW_pwEaWJM,425,0
kNWdjxMWgMI,537,0
kQOkOmTCS_w,849,0
kQk6XrVLb8I,38,0
kWQLAP8I4kY,1327,0
kXJiEAcYNDc,153,0
kXhSnYVVJe4,239,0
kYKI7Pwu2EY,655,0
kYdedR0d-BA,194,0
kYzeeNTun1w,673,6
kZt9OLug2DI,201,0
kdl492M8aZs,733,0
ke3kX4yE-QI,636,0
kgeEgU-YyaU,280,0
kkTxdnbWcDQ,1902,145
kkewnRjhzjU,3834,12
kmwHj7COsG0,244,0
kpytRPKTy8o,156,0
kt-jmIRFzfo,50,0
kugixBqxtsk,1654,0
ky9Uv3Ye2Bo,651,0
kznYQ1Ed07o,1944,126
l-6DV_LFSHA,134,0
l3STHOMRP-I,1459,0
l6nE_hVU4VM,1123,5
l7nSNZSUVXY,5699,0
l90srhYXBAs,117,0
lAUjA5oGizM,8905,13
lAt2MMWvLkM,25,0
lFsR2SnkDew,434,0
lKRpSPXI_Sw,220,13
lMeSjcm_h0o,784,1
lUbhDyjibG8,796,0
lUkQxmZxPrw,131,0
lXx4azPDthM,7,0
lY0dqqy05os,124,10
lZRzd0OpS4c,2040,0
lb5rPn82Uxw,38,0
lbcXCZ_x0lc,746,25
lbswaj0CX1c,189,10
lcEB7z4_F50,446,14
lg7VImVeZCA,2324,119
lhIxuS6CRR0,191,0
liVg0HafOHI,429,0
lkecVW7WDC0,1409,2
lo8Kuy39IC0,1098,0
lquQb8_vmmU,866,114
ls54S3sSgGA,705,0
lvdJ0-H82yA,1828,0
lwEq29x2FEI,387,6
m5WKg-64Ifo,188,0
m947eWwkxjA,96,0
mDfdUMvglk8,65,0
mKtzX7yx-MY,736,0
mROkVTx8mzc,434,0
mS9TzJj9Me8,164,0
mWTeyrM20AM,2703,0
mXT4SlTk6do,274,0
mb9wiZsLlA0,774,88
mbbDw6nzKWg,1977,62
mc-81YusMDY,119,0
mcvaUNiEvSU,372,0
mgY0qfQ6JrM,735,0
mhhCM0Uo5_Q,326,0
mj31wEMZj3s,229,0
mnOI9sU8yAI,1707,49
mnxBXsbtuvE,539,1
mu0STHQOKOA,56,2
mvHmkQF3lto,2952,0
mw3qKvMFse0,490,0
n-vsb4ra6Ho,16,0
n0ulir3yiaE,211,0
n2SqZtnhniU,3533,0
n65jSpi9q8w,100,0
n6uRLXr6NsQ,21,0
n76jxfGCID4,103,0
n79o65tQ1VQ,153,0
n7lM36yFh2Y,7510,937
nBGe974G_NM,18,0
nEMpaze5NZ4,584,0
nFBQM2-tJ-A,227,0
nJI_HhXbUO8,594,0
nK3YAMUEy9I,1123,0
nKB30BxUNOs,384,2
nM5HFjbPxoo,28,0
nMpX2bJD_jU,150,0
nNUDgA4UCTU,856,2
nO93dOI2QtA,2721,2
nPD01cb_EGk,17,0
nTSeIhxBva8,114,0
nWIdML9-lLk,337,0
nZQojOxkW8c,348,0
naefu2b0ywU,4411,0
nfH5BLWkvJs,2040,0
nftFq9WFyZY,3982,3
nn9kPVBlYX8,83,0
nrgYBh0tzVA,2637,0
nuZ25Tppz8A,1375,1
nug4fi_L4JY,996,13
nvdo7hGnzbY,11,1
nzBnoBajQGk,33273,3
o1V-nSRmXLw,1480,0
o2Pf1RsbLYY,439,0
o2Pg2980XYk,939,0
o3dknP3jclw,4005,1
o5LUi2NfwJM,772,0
o7kE_bFaAtU,575,4
o9Y-1tr-ldc,101,0
oAP7e36bmZI,5322,5
oAPEy27r5Is,34,0
oAj63ct7IVM,266,0
oDrwd2raGyg,1308,4
oH-tTawBsDc,622,1
oIMwZF9Rs1w,389,0
oJ2py0c_uBU,1050,4
oKQ-UoYFcqs,167,0
oMvD4tU_-yE,503,0
oNxYRCDEtNM,63,0
oRtsbfA13Vw,583,0
oSOSCCzWB2g,706,0
oSg4r-3uRrw,115,0
oU8YHS17Tts,2908,15
oU_Wr6XqWVE,1046,14
oVQQ6HmuQgE,19,0
oWYJxKjSWZM,63,0
obBcyBjSaEE,711,0
ocghG57Z5e0,1372,1
odjZtjt1hl0,165,0
oejCcB8BOM8,1310,55
oiDVZxdo56k,1839,3
olMAbQa2ryI,434,2
oqfgeLIKEOA,1248,0
oxtxZ7QGCQI,78,0
p-g2OfRltpc,661,1
p46XUK0Pljc,1247,1
p6E2fq50aLA,4486,99
p7HiG4SlRFY,21,1
pAspb90jDZ4,121,9
pCsHGDxKjN8,1140,15
pHUuGcthxGA,82,0
pJcgR3JPBt0,244,3
pSFwH--ccLc,522,3
pWAjdEuj3v0,1,0
pZd86esnfUs,270,0
pZvRI3RHtF8,6,0
phB50XZ6DSg,2454,0
piTyDWjPfnU,187,0
pnLuvMnxVKw,605,16
pni2S7dsPx8,1155,0
prwobPc-SJ4,2809,0
ptlfNSJyfBU,2342,5
pydZHFKYZvo,8,0
pykmdBjDi24,1146,2
pz0suVnW3lE,386,2
pzmoP8ehZiM,881,19
q0tAT1I8qxM,76,0
q12jIqyzvz8,1635,0
q2LJBOwC36w,3884,142
qAnvmCWTBAo,6208,3
qCIR1kTujKM,3648,0
qESevMQaCCI,2039,15
qGxHMjai01g,4367,0
qHI28Q78cf0,39,0
qINbW84BCGk,735,0
qKGCSb6uilI,1407,0
qPUY4G4oZb4,252,2
qQhbq2w0hmc,100,0
qScLMA0i9CE,318,0
qTHRJimrzfc,734,1
qWUDX3KvVgc,324,0
q_48vyHWls4,28768,405
qawsjIqaJQ8,350,0
qbsq6nmP4u8,240,4
qeoH38ftn_8,23,0
qhAFOu6_FcQ,32,0
qjzD3LkrDSQ,2724,8
qkO6H0tb_SA,1617,0
qlylahbIBTQ,406,0
qpYFryUUlWM,1155,0
qqrpMRDuPfc,25637,1596
qsM1i1OBPKw,1088,0
qtT7aQpJEMk,335,0
quDt4h_UQIE,112,0
quFGreXfKKg,1210,1
qv9O-VdIIAY,46,0
qwieCIdaPm4,354,0
qyWhiOyyOMw,907,0
r--0F5utj-E,662,4
r5M7Oq1PCz4,5607,489
r6SjNFKQUxM,2683,92
r7rfqkd4mbs,3826,1
r8MQLw-D4kQ,213,0
r9K1lJrqy_g,995,0
r9fLkHYbWl4,26,0
rAsSKvfoXHc,959,0
rBDhYdRNivg,4,0
rFo5W-MU9EE,562,0
rGsORDAvq0Q,3531,67
rLqPo_4feLM,22,0
rOBF7omfM4U,729,20
rPbhp5AKzSc,3647,2
rPw7ZpcXLQw,302,0
rQj236VgSbE,26,0
rQlw3lnr_dc,559,0
rSXpUP78ZIY,252,0
rW2syGIMcK0,18223,0
rahZ_CeEpqI,536,21
rbPXiLeF3ns,1159,0
rcmPzINrbFE,287,0
rczJCMIo62g,446,1
rddqcI2OjDo,340,15
rgbz172PhDI,4,0
rhTZTy1rZhw,6567,572
rjw37ZO4rjs,1842,9
rk8_upxjJ4w,352,2
rlic9qU9avw,3225,22
rn27WGzMgR8,8628,0
rpDCa76Hw0U,18,0
rpQ2CzHvvmE,37,0
rqovKh2Z0ac,72,0
rw7OO9PcEGc,88,0
rwhzdR7V0Ck,992,1
rxCOmGskNCY,845,0
rz6S63dtl4I,5722,0
s0S0H2tauRs,918,3
s3ia4qTmTSw,427,0
s3mRDRr9aRQ,3781,1
s48LoT6x0yQ,366,0
s5tIaLEBIsE,141,4
s7Gc64RPtcg,61,0
s84NvyD8vR4,438,0
sBD0o6hTUu0,1,0
sBV-NTsYAWQ,1898,0
sCsGRZRQ0Vo,319,0
sEgxhD9bDkw,402,38
sGaS9xwvfIM,22,0
sHC3Rm2tg1c,3641,1
sIkIzcYpouA,13148,2
sJ5fsyjW0HU,167,0
sLKTpA8jJ2A,432,11
sPYfgtF9yiM,5716,0
sQ1RjT4Kuzo,118,0
sRGbFXQlKE8,909,1
sVT1RIQteT8,16,0
sYkxcfq--S4,6,0
sbg6C5N_Y2Y,90,0
sgnO-fkmNSo,38,0
shvIKLxYl18,171,0
simQqEvzzE8,80,0
sjav4O3v7g4,669,16
smCSSWDrzrM,729,7
smOG5MQ_QHo,140,0
sq1NxYtqsAk,101,3
sqNa6nz-BcY,396,0
ssG-3FGIoGQ,199,0
ssKJYCw7Z7c,4213,1
ssiqJYoM7LM,981,3
sx7L4x-2gcY,54,0
syKBp9kEggU,579,0
t-6SW2jmvYY,5058,158
t1Huknc6tkM,1919,0
t2zClnV0Qlg,2232,1
t5eb86CXmfo,166,0
t6MBoYWDZUQ,313,0
tENWirCcX6o,1779,0
tESKiip0LUg,920,0
tF8nTlXTsRQ,706,0
tFu-eSscT10,466,34
tHv9-cflJZY,135,0
tKYqyUKFWxw,4,0
tMKcT9jUBoo,514,1
tPfqH7gFdUk,196,2
tQ_9XVfZfE4,374,0
tR9v8b3iNk8,254,0
tSaxs6AaIfM,1541,0
tTKQYDS1RwU,89,0
tUzjRjlalXw,632,0
tVLCkoS0dns,95,0
tWPuWifUfAI,1020,17
tXd4YQ4jDHU,632,0
tYAvbb3r-Jg,387,0
tbYJXoKyvBA,42,0
tbhn9qISnZE,6618,365
tcOUqPRaehE,86,0
tdP4E0IpEEw,925,0
tfmcC_5dJdE,15,0
thRzcBOm8y8,806,0
tjkePewV0kU,1254,17
tm5SJ5Q13Ug,1198,1
tn5sEqrqt4s,244,0
tsvB_LMsKq0,18,0
tuPJlowpTOc,4334,0
tx6YhsCucTw,40,1
txwFSvROJ-s,318,11
tyhVS0zX3ZI,206,0
u-B3q22Hsj0,209,0
u00mOi_9YuU,1653,7
u28d6kDlQGU,41,0
u2I--Zlo5UA,7955,3
u4VwzWu4P8I,2821,75
u8lX97IHd_c,2600,151
u95e3HmYLGQ,1208,0
uH9p4PovI7s,502,0
uJK4RPEzN9E,525,0
uJmLWcJynf0,258,2
uLVBPbMARzE,393,0
uLjGazIxjEA,7908,837
uMnTFHWup4Q,247,0
uPNilorV61c,646,0
uPiw7FSsv_o,6004,0
uQPFNRcoVHU,903,138
uT2U4rJ9qGM,358,0
uTXTrqMt6LA,957,0
uV7g3U5GfFQ,710,1
uWu4KY08fMc,1115,35
uY97xFaexFM,101,0
u_u2C2urS5Q,929,0
udo4bMLl2kU,1362,0
ug6_8Qeb9aw,1418,1
ug9FViQkC5U,55,0
ugklNHm0j-I,114,0
uk19AJcM8Ts,1,0
uk_2FJNOT-4,130,0
ulf-ZcXPyNs,211,0
umdzkmoedmw,135,2
uoOvK1TR42Q,1169,0
upMVxITCYjg,412,0
upR-ObTXuxM,67,0
urxC7Dk60aU,237,0
uzlHVI3wI4Q,61,1
v44y0fWDZVQ,100,0
v6wWUlXdEDU,798,15
v8WkL0L6TL0,135,0
v8yUgdg14JI,983,0
vA1DXbjnR6Q,2358,10
vAmyOezZF6g,783,61
vC0PA48eknc,16,0
vIFiLVDo7fM,1064,0
vLWi5r3bvwQ,339,0
vO8aOvYB4Pw,283,0
vOBu5ISo_2I,160,0
vR5mIpWFhkE,415,0
vR91_ATMrYU,163,0
vVq_yipnVVI,430,0
vWXV42MDoC8,4,0
vbj8bMQNIZE,1114,0
vcClyeTBL1c,7119,1
vgD7eIMQ9N0,3999,131
vlUJE4Vnxp8,49,0
vnkS8xES3ww,1549,2
vteM918IxQ0,18,0
vwQdukCMo80,17,0
vwyJ5QR5MGQ,372,0
vxKsnbVrJYI,829,0
vzTFeRTM3js,9995,7
w-3lrsPDHtQ,538,0
w-c3VogURdQ,577,0
w3_KYOIzb_A,16981,2
w3m0Rg6m9G0,1146,17
w465NExPCns,1457,93
w60_HvwGx0o,3606,0
w6uvYEoC-LU,6987,3
w7JBHSx5ScA,5390,1
w9i9rwg1L_A,4499,364
w9idtQbrKBs,839,1
wHBSZn3QYLE,16,0
wHxs6s4I1Qw,357,0
wJuyyco5u9Q,723,0
wPg1ctBpYG8,137,0
wQAvymAEQdk,472,0
wQP7aHEZgoE,239,0
wT8Gnjw_TsE,221,0
wVCipCqmhso,415,0
wVFvkPFL4yQ,1027,0
wXZAYekSNIU,4736,3
wb1A6dD8W-s,107,9
wd7PeNb7tEg,107,0
we1asYsi-40,108,0
wg5jElE-9XQ,1198,0
wj-K2VZf3S4,185,1
wkYmJfCc39g,1759,0
wmJuqv96su8,37211,2348
wphh9U97TQc,2364,1
wpjrtjew5ng,446,0
wrhMIodEZQ8,106,0
wuB7HMqb9Uo,338,0
wvqBmxxksRc,15009,273
wyvS3jcWZ7U,64,0
wz5igxipTkg,161,0
x4fi6pvddhc,150,0
x7ODVLJwBm0,802,0
xBDPnVi80yQ,236,0
xBjjz8gcexc,1459,161
xFN5xQmRIws,112,1
xGxYFHyOesQ,1269,1
xNa2XXk9arU,267,0
xOArhnjwICw,1728,1
xPbBqpJy3NE,1882,0
xTOcfLo7dZI,939,15
xWDLilPAskM,128,0
xWkqjXjD73E,18511,740
xXkkGb13NW8,131,0
xXlJWKSTZSI,66,0
xZxxpnK0LqU,2010,146
x_3mVVKZItY,6493,711
xa-iy7h-tSM,1092,0
xa-xTjIjYAE,156,0
xduTIEJtXnc,462,7
xh6QXe8vQCQ,3129,3
xiBOolk-jNE,20,0
xkEvWFC9lTc,174,0
xsvCn2N4ARk,2279,0
xtcEUq0uYrk,789,0
xuan1c9kw8k,7035,63
xv5SNvsDimw,504,0
xzolFKTuMrY,228,1
y0PjXiB4y2E,10136,171
y0_m-m6fr3c,25,0
y1GElQnQLlY,10,0
y2Xx7RpwAig,27,0
y8Z75Z5WA20,1775,5
yB28sZ-VRbY,370,0
yC3rjf9JqU0,555,0
yCKo0pk-elg,335,11
yFNG_Uvji8I,874,0
yGkVCEwsB00,144,0
yGrJH95CdIs,606,68
yJszogc4o1s,266,1
yLAbUZzmbuU,609,0
yLZGXSc1p_w,194,0
yLiq4PXouUU,446,0
yOzVFOmSRMM,502,0
yRXdxOD3z50,29,0
yULqmB65mm0,968,0
yWHyOIJEaXI,11,0
yWZd2huMxkk,198,0
yXYS84cxb0U,14,0
yYd4eDXG5Vo,572,0
yZe-TlYxm9g,3664,303
y_-f1VSaCnk,98,0
ybwoXco4P9I,718,0
yc-0ZkqmwpE,1121,0
yd6PkvYZzsE,348,0
ydDXATXvRmw,716,0
yiy6Pm49orA,703,0
yk91nsAjOOk,585,4
ymlhSb_k0Kk,6063,343
yp03C6j68a0,932,0
ysTFwQzKUZM,5054,376
yw4E0_Wydkk,1514,1
yxAacAqwcoo,437,0
z-K15FYMe18,259,7
z-NP_16EoFk,5494,48
z1GpatN3C1c,1327,0
z3lluNxj9iA,315,0
z4CD2mwZ1IQ,286,0
z4MY4fDJTbI,164,0
z7Nf2JvN6b4,147,8
z7s5ZWo4_8I,1024,3
z8--uEYRixo,41,0
z8acUAG_IoY,5209,2
zB3VEX_-b5Y,2154,31
zB_OApdxcno,12207,1129
zBvix567ZtI,23,0
zEjGOt6qO0I,126,0
zHVtd-g0dPg,1981,4
zIUoRyn-MJg,130,0
zKMCEGXiodo,142,0
zLaIXAV3z4M,1112,0
zMdH2iNACn0,529,0
zQYbGCjcHS8,50,0
zQx8MpSsRSA,72,0
zTaiuoRQsRg,319,0
zYXyqxIw3Xg,2693,1
zbpId2TBhtg,13,0
zcaPY_I2L6o,981,1
zdWwgHSijhs,252,1
zfgbKU0bkNo,162,0
zfk_SoaV0hs,691,0
zfspcc-Kasw,645,0
zh0P40GfvFA,32994,999
znJIT35z2T4,36875,4
zo43czYCd-w,113,0
zsqkWyDDJKw,33,1
zwl1C0ENwUI,2012,0
zx4Ae9TaGkY,148,0
zybqAHvSxxA,317,0
